# Blender 4.5.4 LTS
# www.blender.org
mtllib Player.mtl
o peasent
v 0.127582 0.598382 -0.160766
v 0.157402 0.517891 0.092698
v 0.219936 0.563879 -0.039611
v 0.247125 0.431701 -0.034524
v 0.167379 0.406189 0.078834
v 0.216822 1.078951 0.016726
v 0.147694 0.919512 0.070936
v 0.245085 1.047662 -0.121712
v 0.199545 0.893845 -0.082825
v 0.209038 0.766525 -0.021759
v 0.128518 0.794064 -0.156363
v 0.140520 0.691397 0.094232
v 0.176375 0.724789 -0.024586
v 0.095167 0.761032 -0.127637
v 0.146086 0.450968 -0.166026
v 0.331601 0.993840 -0.096527
v 0.305008 1.006805 0.022081
v 0.154129 0.735237 0.101809
v 0.105904 0.708223 -0.130565
v 0.141755 0.632030 0.090435
v 0.182817 0.671098 -0.026399
v 0.111192 0.736136 -0.142910
v 0.154453 0.663618 0.106485
v 0.192624 0.698590 -0.024973
v 0.101528 1.229708 0.118839
v 0.160022 1.394096 0.046231
v 0.113333 1.387403 0.131864
v 0.065255 1.107725 0.115428
v 0.150867 1.230750 0.035733
v 0.021975 1.261936 0.207758
v 0.027320 1.386156 0.147029
v 0.045001 1.259536 0.147029
v 0.262048 0.918649 0.039247
v 0.513830 0.951311 -0.046116
v 0.447643 0.957380 0.103639
v 0.466775 0.811594 -0.026283
v 0.415994 0.815416 0.081911
v 0.526281 0.861321 0.007204
v 0.389558 0.861068 -0.071606
v 0.643378 0.813786 0.215335
v 0.697049 0.817799 0.068458
v 0.547403 0.889333 0.178105
v 0.588302 0.905690 0.006264
v 0.591256 0.837025 0.006776
v 0.527369 0.914362 0.132600
v 0.524384 0.819270 0.128453
v 0.629648 0.897127 0.034038
v 0.571116 0.906423 0.159860
v 0.566549 0.855096 0.162990
v 0.636394 0.845484 0.031684
v 0.714082 0.824248 0.078945
v 0.676986 0.847861 0.058366
v 0.668336 0.828690 0.226735
v 0.684766 0.876393 0.070223
v 0.431883 0.964211 -0.068759
v 0.623694 0.842364 0.199199
v 0.645997 0.882952 0.201921
v 0.375248 0.983368 0.022433
v 0.332801 0.890138 0.032333
v 0.507028 0.887926 0.162564
v 0.395133 0.973027 -0.080722
v 0.337345 0.876320 -0.078491
v 0.500909 0.947751 0.145981
v 0.573674 0.942737 -0.010782
v 0.476056 0.758930 0.125789
v 0.533580 0.759583 0.010915
v 0.532254 0.907218 -0.000189
v 0.485046 0.915915 0.090668
v 0.478530 0.858588 0.097980
v 0.599935 0.899173 0.175546
v 0.648744 0.889497 0.050338
v 0.647881 0.848525 0.040682
v 0.588701 0.851019 0.173466
v 0.494447 0.859499 0.067722
v 0.510364 0.860410 0.037463
v 0.566924 0.825573 0.049047
v 0.545138 0.840528 0.088803
v 0.613309 0.841385 0.072918
v 0.588319 0.843179 0.118179
v 0.715609 0.813552 0.172333
v 0.722942 0.814047 0.142983
v 0.703073 0.805224 0.128984
v 0.691421 0.804518 0.170478
v 0.675287 0.879328 0.158281
v 0.685438 0.876837 0.118000
v 0.651391 0.842680 0.155430
v 0.668027 0.847214 0.106584
v 0.632475 0.892722 0.092074
v 0.616205 0.895947 0.133810
v 0.628660 0.845889 0.082614
v 0.607199 0.845160 0.130498
v 0.663616 0.808732 0.185470
v 0.684601 0.823810 0.204295
v 0.690243 0.813360 0.100979
v 0.708204 0.819657 0.104528
v 0.682847 0.877874 0.102099
v 0.661002 0.880545 0.178529
v 0.643552 0.841261 0.159075
v 0.660316 0.848924 0.095086
v 0.546405 0.871436 0.191315
v 0.525629 0.831956 0.159799
v 0.509218 0.852004 0.187461
v 0.554013 0.846673 0.207349
v 0.535458 0.812941 0.180610
v 0.569304 0.831269 0.184053
v 0.521403 0.830111 0.204300
v 0.542622 0.803817 0.196524
v 0.570640 0.818289 0.198905
v 0.533927 0.809812 0.222463
v 0.560961 0.822879 0.224531
v 0.267631 0.907257 -0.080704
v 0.015684 1.339014 0.192436
v 0.088662 1.293375 0.132484
v 0.086490 1.337147 0.134879
v 0.096930 1.293375 0.152953
v 0.093626 1.337147 0.152545
v 0.048675 1.293375 0.146991
v 0.051979 1.337147 0.147399
v 0.056943 1.293375 0.167459
v 0.059114 1.337147 0.165065
v 0.113026 1.351444 0.130310
v 0.107518 1.375761 0.132567
v 0.122147 1.351444 0.152891
v 0.115391 1.375761 0.152057
v 0.031246 1.351444 0.159978
v 0.036936 1.375761 0.158173
v 0.040367 1.351444 0.182559
v 0.044808 1.375761 0.177663
v 0.109439 1.136903 0.025038
v 0.133195 1.475962 0.036438
v 0.097525 1.470848 0.101859
v 0.153290 1.394096 -0.078045
v 0.145045 1.230750 -0.078731
v 0.091025 1.157932 -0.079108
v 0.128053 1.475962 -0.058507
v 0.107754 1.394096 -0.157501
v 0.093105 1.230750 -0.151172
v 0.069943 1.188874 -0.139650
v 0.082169 1.469506 -0.126374
v 0.052924 1.243882 0.146884
v 0.097357 1.201128 0.115688
v 0.048687 1.205939 0.141419
v 0.048744 1.203944 0.182205
v 0.097357 1.123028 0.115688
v 0.076036 1.125135 0.126960
v 0.097413 1.199134 0.133173
v 0.052980 1.241888 0.164369
v 0.097413 1.121033 0.133173
v 0.076093 1.123140 0.144445
v 0.152231 1.367330 0.018302
v 0.138866 1.270996 0.017261
v 0.185545 1.367996 -0.049712
v 0.172484 1.290327 -0.045669
v 0.177911 1.364022 0.029586
v 0.211226 1.364687 -0.038428
v 0.198165 1.287019 -0.034385
v 0.164546 1.267688 0.028546
v 0.105908 1.492289 0.113165
v 0.141783 1.490614 0.034714
v 0.110040 1.463477 0.125831
v 0.180771 1.401175 0.049946
v 0.184302 1.396090 -0.085206
v 0.197032 1.172807 -0.117720
v 0.136397 1.505747 -0.064739
v 0.112871 1.396090 -0.187830
v 0.109425 1.195104 -0.197090
v 0.086072 1.475082 -0.157542
v 0.190606 1.245192 0.085172
v 0.105199 1.310538 -0.165120
v 0.175897 1.310592 -0.084859
v 0.174208 1.326544 0.060142
v 0.192854 1.218203 0.026059
v 0.172882 1.310592 0.031557
v 0.178802 1.310592 -0.031226
v 0.199937 1.202070 -0.050405
v 0.185485 1.364386 0.022196
v 0.183005 1.364386 -0.031399
v 0.107809 1.007520 0.117300
v 0.095130 0.866982 0.141660
v 0.060756 0.729737 0.178965
v 0.112500 1.098842 0.020598
v 0.117121 1.116168 -0.117178
v 0.083818 0.999959 0.090504
v 0.074564 0.862942 0.114870
v 0.041144 0.726958 0.164463
v 0.083867 1.063902 0.024521
v 0.090104 1.080530 -0.086250
v 0.076273 1.133303 0.043733
v 0.076996 1.176356 -0.077496
v 0.094269 1.454798 0.098865
v 0.149402 1.391223 0.049946
v 0.145507 1.245192 0.085172
v 0.144785 1.326544 0.060142
v 0.147755 1.218203 0.026059
v 0.143459 1.310592 0.031557
v 0.140554 1.310592 -0.031226
v 0.166455 1.189659 -0.050405
v 0.147237 1.364386 0.022196
v 0.144757 1.364386 -0.031399
v 0.161015 1.164678 -0.113574
v 0.097450 1.186980 -0.179592
v 0.105199 1.312534 -0.142600
v 0.145428 1.312580 -0.073939
v -0.127582 0.598382 -0.160766
v -0.157402 0.517891 0.092698
v -0.219937 0.563878 -0.039611
v -0.247125 0.431701 -0.034524
v -0.167379 0.406189 0.078834
v -0.216822 1.078951 0.016726
v -0.147694 0.919512 0.070936
v -0.245085 1.047662 -0.121712
v -0.199545 0.893845 -0.082825
v -0.209038 0.766525 -0.021759
v -0.128518 0.794064 -0.156363
v -0.140520 0.691397 0.094232
v -0.176375 0.724789 -0.024586
v -0.095167 0.761032 -0.127637
v -0.146086 0.450968 -0.166026
v -0.331601 0.993840 -0.096527
v -0.305008 1.006805 0.022081
v -0.154129 0.735237 0.101809
v -0.000000 0.446958 -0.192976
v -0.105904 0.708223 -0.130564
v -0.141755 0.632030 0.090435
v -0.182817 0.671098 -0.026399
v -0.111192 0.736136 -0.142910
v -0.154453 0.663618 0.106485
v -0.192624 0.698590 -0.024973
v 0.000000 0.379169 0.150837
v 0.000000 0.488886 0.152096
v -0.000000 0.601472 -0.188486
v 0.000000 0.888443 0.121712
v -0.000000 0.939423 -0.171171
v -0.000000 1.035316 -0.187237
v 0.000000 0.723960 0.176537
v 0.000000 0.982589 0.105094
v 0.000000 0.669266 0.141458
v -0.000000 0.765914 -0.148857
v -0.000000 0.486698 -0.061678
v -0.000000 0.810639 -0.199632
v -0.000000 0.721212 -0.151884
v 0.000000 0.606068 0.138277
v -0.000000 0.747160 -0.164152
v 0.000000 0.637647 0.155994
v -0.101528 1.229708 0.118839
v -0.160022 1.394096 0.046231
v -0.113333 1.387403 0.131864
v -0.065255 1.107725 0.115428
v -0.150867 1.230750 0.035733
v 0.000000 1.264078 0.177184
v 0.000000 1.397634 0.176281
v 0.000000 1.080482 0.142638
v -0.021975 1.261936 0.207758
v -0.027320 1.386156 0.147029
v -0.045001 1.259536 0.147029
v -0.262048 0.918649 0.039247
v -0.513830 0.951311 -0.046116
v -0.447643 0.957380 0.103639
v -0.466775 0.811594 -0.026283
v -0.415994 0.815416 0.081911
v -0.526281 0.861321 0.007204
v -0.389558 0.861068 -0.071606
v -0.643379 0.813786 0.215335
v -0.697049 0.817799 0.068458
v -0.547403 0.889333 0.178105
v -0.588302 0.905690 0.006264
v -0.591256 0.837025 0.006776
v -0.527369 0.914362 0.132600
v -0.524384 0.819270 0.128453
v -0.629648 0.897127 0.034038
v -0.571116 0.906423 0.159860
v -0.566550 0.855096 0.162990
v -0.636394 0.845484 0.031684
v -0.714082 0.824248 0.078945
v -0.676986 0.847861 0.058366
v -0.668336 0.828690 0.226735
v -0.684767 0.876393 0.070223
v -0.431883 0.964211 -0.068759
v -0.623694 0.842364 0.199200
v -0.645997 0.882952 0.201921
v -0.375248 0.983368 0.022433
v -0.332801 0.890138 0.032333
v -0.507029 0.887926 0.162565
v -0.395133 0.973027 -0.080722
v -0.337345 0.876320 -0.078491
v -0.500909 0.947751 0.145981
v -0.573674 0.942737 -0.010782
v -0.476056 0.758930 0.125790
v -0.533580 0.759583 0.010915
v -0.532254 0.907218 -0.000189
v -0.485046 0.915915 0.090668
v -0.478530 0.858588 0.097980
v -0.599935 0.899173 0.175546
v -0.648744 0.889497 0.050338
v -0.647881 0.848525 0.040682
v -0.588701 0.851019 0.173466
v -0.494447 0.859499 0.067722
v -0.510364 0.860410 0.037463
v -0.566924 0.825573 0.049047
v -0.545138 0.840528 0.088803
v -0.613309 0.841385 0.072918
v -0.588319 0.843179 0.118179
v -0.715609 0.813552 0.172333
v -0.722942 0.814047 0.142983
v -0.703073 0.805224 0.128984
v -0.691422 0.804518 0.170478
v -0.675287 0.879328 0.158281
v -0.685438 0.876837 0.118001
v -0.651391 0.842680 0.155430
v -0.668027 0.847214 0.106584
v -0.632475 0.892722 0.092074
v -0.616205 0.895947 0.133810
v -0.628660 0.845889 0.082614
v -0.607199 0.845160 0.130498
v -0.663617 0.808732 0.185470
v -0.684601 0.823810 0.204295
v -0.690243 0.813360 0.100979
v -0.708205 0.819657 0.104528
v -0.682847 0.877874 0.102099
v -0.661002 0.880545 0.178529
v -0.643552 0.841261 0.159075
v -0.660316 0.848924 0.095086
v -0.546405 0.871436 0.191315
v -0.525629 0.831956 0.159799
v -0.509218 0.852004 0.187461
v -0.554013 0.846673 0.207349
v -0.535458 0.812941 0.180610
v -0.569304 0.831269 0.184053
v -0.521403 0.830111 0.204300
v -0.542622 0.803817 0.196524
v -0.570640 0.818289 0.198905
v -0.533927 0.809812 0.222463
v -0.560961 0.822879 0.224531
v -0.267631 0.907257 -0.080704
v -0.015684 1.339014 0.192436
v 0.000000 1.395160 0.147029
v 0.000000 1.250380 0.147029
v 0.000000 1.344494 0.199404
v 0.000000 1.256363 0.216925
v -0.088662 1.293375 0.132484
v -0.086490 1.337147 0.134879
v -0.096930 1.293375 0.152953
v -0.093626 1.337147 0.152545
v -0.048675 1.293375 0.146991
v -0.051979 1.337147 0.147399
v -0.056943 1.293375 0.167459
v -0.059114 1.337147 0.165065
v -0.113026 1.351444 0.130310
v -0.107518 1.375761 0.132567
v -0.122147 1.351444 0.152891
v -0.115391 1.375761 0.152057
v -0.031246 1.351444 0.159978
v -0.036936 1.375761 0.158173
v -0.040367 1.351444 0.182559
v -0.044808 1.375761 0.177663
v -0.109439 1.136903 0.025038
v -0.133195 1.475962 0.036438
v -0.097525 1.470848 0.101859
v 0.000000 1.494994 0.123454
v -0.153290 1.394096 -0.078045
v -0.145045 1.230750 -0.078731
v -0.091025 1.157932 -0.079108
v -0.128053 1.475962 -0.058507
v -0.107754 1.394096 -0.157501
v -0.093105 1.230750 -0.151172
v -0.069943 1.188874 -0.139650
v -0.082169 1.469506 -0.126374
v -0.000000 1.230750 -0.176155
v -0.000000 1.394096 -0.182484
v -0.000000 1.488884 -0.141979
v -0.000000 1.187337 -0.163078
v -0.000000 1.520718 0.036438
v -0.000000 1.520718 -0.058507
v 0.000000 1.081598 0.097802
v -0.000000 1.088258 0.026593
v -0.000000 1.118632 -0.077553
v -0.052923 1.243882 0.146884
v -0.097357 1.201128 0.115688
v 0.000000 1.260390 0.177284
v 0.000000 1.210749 0.167151
v 0.000000 1.208754 0.207936
v -0.048687 1.205939 0.141419
v -0.048744 1.203944 0.182205
v -0.097357 1.123028 0.115688
v -0.076036 1.125135 0.126960
v -0.097413 1.199134 0.133173
v -0.052980 1.241888 0.164369
v 0.000000 1.258395 0.194769
v -0.097413 1.121033 0.133173
v -0.076093 1.123140 0.144445
v -0.152231 1.367330 0.018302
v -0.138866 1.270996 0.017261
v -0.185545 1.367996 -0.049712
v -0.172484 1.290327 -0.045669
v -0.177911 1.364022 0.029586
v -0.211226 1.364687 -0.038428
v -0.198165 1.287019 -0.034385
v -0.164546 1.267688 0.028546
v -0.105908 1.492289 0.113165
v -0.141783 1.490614 0.034714
v 0.000000 1.448597 0.178028
v -0.110040 1.463477 0.125831
v -0.180771 1.401175 0.049946
v -0.126396 0.029620 -0.135587
v -0.207067 0.029549 -0.153821
v -0.130891 0.000753 -0.122130
v -0.211562 0.000753 -0.140364
v -0.091474 0.246149 -0.015921
v -0.168860 0.253966 -0.000237
v -0.216774 0.265487 -0.068670
v -0.140337 0.258116 -0.106804
v -0.142973 0.087019 -0.106118
v -0.158671 0.091606 -0.049080
v -0.257084 0.000753 -0.073671
v -0.126488 0.000753 -0.032501
v -0.237922 0.053834 0.003115
v -0.176222 0.053738 0.034729
v -0.202423 0.098154 -0.049901
v -0.188077 0.090942 -0.119274
v -0.146643 0.163469 -0.012339
v -0.118173 0.169295 -0.095681
v -0.199601 0.169243 -0.026368
v -0.185172 0.175772 -0.107058
v -0.137484 0.296773 -0.075637
v -0.294560 0.000754 0.097490
v -0.182883 0.000754 0.137865
v -0.260050 0.040366 0.071424
v -0.197478 0.042840 0.095053
v -0.098265 0.287880 -0.011037
v -0.174584 0.282712 0.032502
v -0.201606 0.303829 -0.054542
v -0.069846 0.363266 -0.005681
v -0.146846 0.377081 0.049780
v -0.198082 0.388183 -0.032457
v -0.119815 0.378151 -0.072432
v -0.019793 0.497542 -0.014430
v -0.119302 0.492569 0.072444
v -0.187876 0.501647 -0.009379
v -0.081130 0.507396 -0.078165
v -0.160541 0.320662 0.028971
v -0.246593 0.047429 0.157341
v -0.238361 0.026176 0.154033
v -0.265850 0.049327 0.148331
v -0.273187 0.030034 0.139848
v -0.282957 0.020281 0.122164
v -0.209256 0.020281 0.148810
v -0.218887 0.050607 0.120556
v -0.260182 0.048974 0.104962
v -0.097422 0.086226 -0.126458
v -0.151281 0.091471 -0.004597
v -0.242256 0.104479 -0.023458
v -0.193882 0.095245 -0.165342
v -0.119019 0.110817 -0.119200
v -0.148330 0.112217 -0.023880
v -0.193916 0.117657 -0.136959
v -0.214746 0.121089 -0.031597
v 0.001775 1.517757 0.160249
v -0.184302 1.396090 -0.085206
v -0.197032 1.172807 -0.117720
v -0.136397 1.505747 -0.064739
v -0.112871 1.396090 -0.187830
v -0.109425 1.195104 -0.197090
v -0.086072 1.475082 -0.157542
v -0.000000 1.185830 -0.234039
v -0.000000 1.396090 -0.213999
v -0.000000 1.495379 -0.173889
v -0.000000 1.533750 0.034714
v -0.000000 1.559418 -0.064739
v -0.190606 1.245192 0.085172
v -0.105199 1.310538 -0.165120
v -0.175897 1.310592 -0.084859
v -0.000000 1.310538 -0.191289
v -0.174208 1.326544 0.060142
v -0.192854 1.218203 0.026059
v -0.172882 1.310592 0.031557
v -0.178802 1.310592 -0.031226
v -0.199938 1.202070 -0.050405
v -0.185485 1.364386 0.022196
v -0.183005 1.364386 -0.031399
v -0.107809 1.007520 0.117300
v -0.000000 1.024986 0.054419
v -0.095130 0.866982 0.141660
v -0.060756 0.729737 0.178965
v -0.112500 1.098842 0.020598
v -0.000000 1.121979 -0.151010
v -0.117121 1.116168 -0.117178
v -0.083818 0.999959 0.090505
v -0.074564 0.862942 0.114870
v -0.041144 0.726958 0.164463
v -0.083867 1.063902 0.024521
v -0.090104 1.080530 -0.086249
v -0.000000 1.088165 -0.127952
v -0.076273 1.133303 0.043733
v -0.000000 1.129530 0.050281
v -0.000000 1.185235 -0.113451
v -0.076996 1.176356 -0.077496
v 0.000000 1.432896 0.151062
v -0.094269 1.454798 0.098865
v -0.149402 1.391223 0.049946
v -0.145507 1.245192 0.085172
v -0.144785 1.326544 0.060142
v -0.147755 1.218203 0.026059
v -0.143459 1.310592 0.031557
v -0.140554 1.310592 -0.031226
v -0.166455 1.189659 -0.050405
v -0.147237 1.364386 0.022196
v -0.144757 1.364386 -0.031399
v -0.161015 1.164678 -0.113574
v -0.097450 1.186980 -0.179592
v -0.000000 1.177718 -0.207542
v -0.105199 1.312534 -0.142600
v -0.145428 1.312580 -0.073939
v -0.000000 1.312534 -0.168770
v 0.126396 0.029620 -0.135587
v 0.207067 0.029549 -0.153821
v 0.130891 0.000753 -0.122130
v 0.211562 0.000754 -0.140364
v 0.091474 0.246149 -0.015921
v 0.168860 0.253966 -0.000237
v 0.216774 0.265487 -0.068670
v 0.140337 0.258116 -0.106804
v 0.142973 0.087019 -0.106118
v 0.158671 0.091606 -0.049080
v 0.257084 0.000754 -0.073671
v 0.126488 0.000754 -0.032501
v 0.237922 0.053834 0.003115
v 0.176222 0.053738 0.034729
v 0.202423 0.098154 -0.049901
v 0.188077 0.090942 -0.119274
v 0.146643 0.163469 -0.012339
v 0.118173 0.169295 -0.095681
v 0.199601 0.169243 -0.026368
v 0.185172 0.175772 -0.107058
v 0.137484 0.296773 -0.075637
v 0.294560 0.000754 0.097490
v 0.182883 0.000754 0.137865
v 0.260050 0.040366 0.071424
v 0.197478 0.042840 0.095053
v 0.098265 0.287881 -0.011037
v 0.174584 0.282712 0.032502
v 0.201606 0.303829 -0.054542
v 0.069846 0.363266 -0.005681
v 0.146846 0.377081 0.049780
v 0.198082 0.388183 -0.032457
v 0.119815 0.378151 -0.072432
v 0.019793 0.497542 -0.014430
v 0.119302 0.492569 0.072444
v 0.187876 0.501647 -0.009379
v 0.081130 0.507396 -0.078165
v 0.160541 0.320662 0.028971
v 0.246593 0.047429 0.157341
v 0.238361 0.026176 0.154033
v 0.265850 0.049327 0.148331
v 0.273187 0.030034 0.139848
v 0.282957 0.020281 0.122164
v 0.209256 0.020281 0.148810
v 0.218887 0.050607 0.120556
v 0.260182 0.048974 0.104962
v 0.097422 0.086226 -0.126458
v 0.151281 0.091471 -0.004597
v 0.242256 0.104479 -0.023458
v 0.193882 0.095245 -0.165342
v 0.119019 0.110817 -0.119200
v 0.148330 0.112217 -0.023880
v 0.193916 0.117657 -0.136959
v 0.214746 0.121089 -0.031597
v 0.141755 0.632030 0.090435
v 0.141755 0.632030 0.090435
v 0.141755 0.632030 0.090435
v 0.154453 0.663618 0.106485
v 0.154453 0.663618 0.106485
v 0.154453 0.663618 0.106485
v 0.111192 0.736136 -0.142910
v 0.111192 0.736136 -0.142910
v 0.111192 0.736136 -0.142910
v 0.095167 0.761032 -0.127637
v 0.095167 0.761032 -0.127637
v -0.000000 0.765914 -0.148857
v 0.176375 0.724789 -0.024586
v 0.176375 0.724789 -0.024586
v 0.176375 0.724789 -0.024586
v 0.140520 0.691397 0.094232
v 0.140520 0.691397 0.094232
v 0.140520 0.691397 0.094232
v 0.167379 0.406189 0.078834
v 0.167379 0.406189 0.078834
v 0.247125 0.431701 -0.034524
v 0.247125 0.431701 -0.034524
v 0.083818 0.999959 0.090504
v 0.083818 0.999959 0.090504
v 0.000000 0.982589 0.105094
v 0.192624 0.698590 -0.024973
v 0.192624 0.698590 -0.024973
v 0.192624 0.698590 -0.024973
v 0.000000 0.606068 0.138277
v 0.000000 0.606068 0.138277
v 0.000000 0.606068 0.138277
v 0.105904 0.708223 -0.130565
v 0.105904 0.708223 -0.130565
v 0.105904 0.708223 -0.130565
v 0.182817 0.671098 -0.026399
v 0.182817 0.671098 -0.026399
v 0.182817 0.671098 -0.026399
v -0.000000 0.721212 -0.151884
v 0.000000 0.637647 0.155994
v 0.000000 0.637647 0.155994
v -0.000000 0.747160 -0.164152
v 0.041144 0.726958 0.164463
v 0.041144 0.726958 0.164463
v 0.000000 0.723960 0.176537
v 0.000000 0.723960 0.176537
v 0.127582 0.598382 -0.160766
v 0.219936 0.563879 -0.039611
v 0.000000 0.488886 0.152096
v 0.147694 0.919512 0.070936
v 0.147694 0.919512 0.070936
v 0.199545 0.893845 -0.082825
v 0.199545 0.893845 -0.082825
v 0.199545 0.893845 -0.082825
v 0.199545 0.893845 -0.082825
v 0.128518 0.794064 -0.156363
v 0.128518 0.794064 -0.156363
v 0.209038 0.766525 -0.021759
v 0.209038 0.766525 -0.021759
v 0.209038 0.766525 -0.021759
v 0.146086 0.450968 -0.166026
v 0.146086 0.450968 -0.166026
v 0.000000 0.669266 0.141458
v 0.000000 0.669266 0.141458
v 0.000000 0.669266 0.141458
v 0.000000 0.669266 0.141458
v 0.000000 0.669266 0.141458
v 0.000000 0.669266 0.141458
v -0.000000 0.810639 -0.199632
v -0.000000 0.810639 -0.199632
v -0.000000 1.035316 -0.187237
v -0.000000 1.035316 -0.187237
v 0.245085 1.047662 -0.121712
v 0.245085 1.047662 -0.121712
v -0.000000 0.939423 -0.171171
v -0.000000 0.939423 -0.171171
v -0.000000 0.939423 -0.171171
v 0.000000 1.264078 0.177184
v 0.000000 1.397634 0.176281
v 0.065255 1.107725 0.115428
v 0.065255 1.107725 0.115428
v 0.000000 1.080482 0.142638
v 0.000000 1.080482 0.142638
v 0.000000 1.080482 0.142638
v 0.101528 1.229708 0.118839
v 0.015684 1.339014 0.192436
v 0.021975 1.261936 0.207758
v 0.021975 1.261936 0.207758
v 0.027320 1.386156 0.147029
v 0.027320 1.386156 0.147029
v 0.332801 0.890138 0.032333
v 0.332801 0.890138 0.032333
v 0.262048 0.918649 0.039247
v 0.668336 0.828690 0.226735
v 0.668336 0.828690 0.226735
v 0.643378 0.813786 0.215335
v 0.643378 0.813786 0.215335
v 0.636394 0.845484 0.031684
v 0.591256 0.837025 0.006776
v 0.591256 0.837025 0.006776
v 0.591256 0.837025 0.006776
v 0.478530 0.858588 0.097980
v 0.478530 0.858588 0.097980
v 0.524384 0.819270 0.128453
v 0.524384 0.819270 0.128453
v 0.545138 0.840528 0.088803
v 0.588302 0.905690 0.006264
v 0.588302 0.905690 0.006264
v 0.629648 0.897127 0.034038
v 0.527369 0.914362 0.132600
v 0.571116 0.906423 0.159860
v 0.571116 0.906423 0.159860
v 0.571116 0.906423 0.159860
v 0.566549 0.855096 0.162990
v 0.566549 0.855096 0.162990
v 0.566549 0.855096 0.162990
v 0.708204 0.819657 0.104528
v 0.708204 0.819657 0.104528
v 0.714082 0.824248 0.078945
v 0.714082 0.824248 0.078945
v 0.663616 0.808732 0.185470
v 0.663616 0.808732 0.185470
v 0.697049 0.817799 0.068458
v 0.697049 0.817799 0.068458
v 0.509218 0.852004 0.187461
v 0.509218 0.852004 0.187461
v 0.645997 0.882952 0.201921
v 0.645997 0.882952 0.201921
v 0.532254 0.907218 -0.000189
v 0.526281 0.861321 0.007204
v 0.485046 0.915915 0.090668
v 0.485046 0.915915 0.090668
v 0.599935 0.899173 0.175546
v 0.476056 0.758930 0.125789
v 0.476056 0.758930 0.125789
v 0.415994 0.815416 0.081911
v 0.533580 0.759583 0.010915
v 0.533580 0.759583 0.010915
v 0.466775 0.811594 -0.026283
v 0.375248 0.983368 0.022433
v 0.375248 0.983368 0.022433
v 0.547403 0.889333 0.178105
v 0.447643 0.957380 0.103639
v 0.648744 0.889497 0.050338
v 0.684766 0.876393 0.070223
v 0.684766 0.876393 0.070223
v 0.682847 0.877874 0.102099
v 0.682847 0.877874 0.102099
v 0.337345 0.876320 -0.078491
v 0.267631 0.907257 -0.080704
v 0.623694 0.842364 0.199199
v 0.623694 0.842364 0.199199
v 0.647881 0.848525 0.040682
v 0.660316 0.848924 0.095086
v 0.660316 0.848924 0.095086
v 0.676986 0.847861 0.058366
v 0.676986 0.847861 0.058366
v 0.588701 0.851019 0.173466
v 0.500909 0.947751 0.145981
v 0.500909 0.947751 0.145981
v 0.513830 0.951311 -0.046116
v 0.573674 0.942737 -0.010782
v 0.573674 0.942737 -0.010782
v 0.507028 0.887926 0.162564
v 0.395133 0.973027 -0.080722
v 0.431883 0.964211 -0.068759
v 0.389558 0.861068 -0.071606
v 0.566924 0.825573 0.049047
v 0.684601 0.823810 0.204295
v 0.684601 0.823810 0.204295
v 0.715609 0.813552 0.172333
v 0.715609 0.813552 0.172333
v 0.722942 0.814047 0.142983
v 0.722942 0.814047 0.142983
v 0.690243 0.813360 0.100979
v 0.690243 0.813360 0.100979
v 0.703073 0.805224 0.128984
v 0.703073 0.805224 0.128984
v 0.691421 0.804518 0.170478
v 0.691421 0.804518 0.170478
v 0.661002 0.880545 0.178529
v 0.661002 0.880545 0.178529
v 0.675287 0.879328 0.158281
v 0.675287 0.879328 0.158281
v 0.685438 0.876837 0.118000
v 0.685438 0.876837 0.118000
v 0.643552 0.841261 0.159075
v 0.643552 0.841261 0.159075
v 0.651391 0.842680 0.155430
v 0.651391 0.842680 0.155430
v 0.668027 0.847214 0.106584
v 0.668027 0.847214 0.106584
v 0.607199 0.845160 0.130498
v 0.607199 0.845160 0.130498
v 0.628660 0.845889 0.082614
v 0.628660 0.845889 0.082614
v 0.632475 0.892722 0.092074
v 0.632475 0.892722 0.092074
v 0.616205 0.895947 0.133810
v 0.616205 0.895947 0.133810
v 0.546405 0.871436 0.191315
v 0.525629 0.831956 0.159799
v 0.525629 0.831956 0.159799
v 0.554013 0.846673 0.207349
v 0.535458 0.812941 0.180610
v 0.521403 0.830111 0.204300
v 0.542622 0.803817 0.196524
v 0.542622 0.803817 0.196524
v 0.570640 0.818289 0.198905
v 0.570640 0.818289 0.198905
v 0.533927 0.809812 0.222463
v 0.533927 0.809812 0.222463
v 0.560961 0.822879 0.224531
v 0.560961 0.822879 0.224531
v 0.569304 0.831269 0.184053
v 0.305008 1.006805 0.022081
v 0.331601 0.993840 -0.096527
v 0.000000 0.379169 0.150837
v 0.000000 0.379169 0.150837
v 0.154129 0.735237 0.101809
v 0.154129 0.735237 0.101809
v 0.157402 0.517891 0.092698
v -0.000000 0.446958 -0.192976
v 0.045001 1.259536 0.147029
v 0.045001 1.259536 0.147029
v 0.000000 1.395160 0.147029
v 0.000000 1.395160 0.147029
v 0.000000 1.256363 0.216925
v 0.000000 1.256363 0.216925
v 0.000000 1.250380 0.147029
v 0.000000 1.344494 0.199404
v 0.096930 1.293375 0.152953
v 0.096930 1.293375 0.152953
v 0.088662 1.293375 0.132484
v 0.088662 1.293375 0.132484
v 0.086490 1.337147 0.134879
v 0.086490 1.337147 0.134879
v 0.093626 1.337147 0.152545
v 0.093626 1.337147 0.152545
v 0.056943 1.293375 0.167459
v 0.056943 1.293375 0.167459
v 0.059114 1.337147 0.165065
v 0.059114 1.337147 0.165065
v 0.048675 1.293375 0.146991
v 0.048675 1.293375 0.146991
v 0.051979 1.337147 0.147399
v 0.051979 1.337147 0.147399
v 0.122147 1.351444 0.152891
v 0.122147 1.351444 0.152891
v 0.113026 1.351444 0.130310
v 0.113026 1.351444 0.130310
v 0.107518 1.375761 0.132567
v 0.107518 1.375761 0.132567
v 0.115391 1.375761 0.152057
v 0.115391 1.375761 0.152057
v 0.040367 1.351444 0.182559
v 0.040367 1.351444 0.182559
v 0.044808 1.375761 0.177663
v 0.044808 1.375761 0.177663
v 0.031246 1.351444 0.159978
v 0.031246 1.351444 0.159978
v 0.036936 1.375761 0.158173
v 0.036936 1.375761 0.158173
v 0.160022 1.394096 0.046231
v 0.113333 1.387403 0.131864
v 0.097525 1.470848 0.101859
v 0.097525 1.470848 0.101859
v 0.133195 1.475962 0.036438
v 0.133195 1.475962 0.036438
v 0.000000 1.494994 0.123454
v 0.000000 1.494994 0.123454
v 0.000000 1.494994 0.123454
v 0.128053 1.475962 -0.058507
v 0.069943 1.188874 -0.139650
v 0.093105 1.230750 -0.151172
v 0.107754 1.394096 -0.157501
v 0.082169 1.469506 -0.126374
v 0.082169 1.469506 -0.126374
v -0.000000 1.488884 -0.141979
v -0.000000 1.488884 -0.141979
v -0.000000 1.187337 -0.163078
v -0.000000 1.187337 -0.163078
v -0.000000 1.187337 -0.163078
v -0.000000 1.118632 -0.077553
v -0.000000 1.088258 0.026593
v 0.000000 1.081598 0.097802
v -0.000000 1.520718 -0.058507
v -0.000000 1.520718 0.036438
v 0.048687 1.205939 0.141419
v 0.048687 1.205939 0.141419
v 0.000000 1.210749 0.167151
v 0.000000 1.210749 0.167151
v 0.097357 1.201128 0.115688
v 0.097357 1.201128 0.115688
v 0.052924 1.243882 0.146884
v 0.000000 1.260390 0.177284
v 0.000000 1.260390 0.177284
v 0.000000 1.260390 0.177284
v 0.000000 1.208754 0.207936
v 0.000000 1.208754 0.207936
v 0.000000 1.258395 0.194769
v 0.000000 1.258395 0.194769
v 0.000000 1.258395 0.194769
v 0.097413 1.199134 0.133173
v 0.097413 1.199134 0.133173
v 0.052980 1.241888 0.164369
v 0.048744 1.203944 0.182205
v 0.048744 1.203944 0.182205
v 0.097357 1.123028 0.115688
v 0.097357 1.123028 0.115688
v 0.076036 1.125135 0.126960
v 0.076036 1.125135 0.126960
v 0.097413 1.121033 0.133173
v 0.097413 1.121033 0.133173
v 0.076093 1.123140 0.144445
v 0.076093 1.123140 0.144445
v 0.152231 1.367330 0.018302
v 0.152231 1.367330 0.018302
v 0.185545 1.367996 -0.049712
v 0.185545 1.367996 -0.049712
v 0.172484 1.290327 -0.045669
v 0.172484 1.290327 -0.045669
v 0.138866 1.270996 0.017261
v 0.138866 1.270996 0.017261
v 0.177911 1.364022 0.029586
v 0.177911 1.364022 0.029586
v 0.211226 1.364687 -0.038428
v 0.211226 1.364687 -0.038428
v 0.198165 1.287019 -0.034385
v 0.198165 1.287019 -0.034385
v 0.164546 1.267688 0.028546
v 0.164546 1.267688 0.028546
v -0.000000 1.396090 -0.213999
v 0.112871 1.396090 -0.187830
v 0.112871 1.396090 -0.187830
v 0.112871 1.396090 -0.187830
v -0.000000 1.185830 -0.234039
v 0.109425 1.195104 -0.197090
v 0.086072 1.475082 -0.157542
v 0.086072 1.475082 -0.157542
v 0.136397 1.505747 -0.064739
v 0.136397 1.505747 -0.064739
v 0.136397 1.505747 -0.064739
v 0.197032 1.172807 -0.117720
v 0.197032 1.172807 -0.117720
v 0.197032 1.172807 -0.117720
v 0.184302 1.396090 -0.085206
v 0.184302 1.396090 -0.085206
v 0.110040 1.463477 0.125831
v 0.110040 1.463477 0.125831
v 0.110040 1.463477 0.125831
v 0.105908 1.492289 0.113165
v 0.105908 1.492289 0.113165
v 0.141783 1.490614 0.034714
v 0.000000 1.448597 0.178028
v 0.000000 1.448597 0.178028
v 0.000000 1.448597 0.178028
v 0.180771 1.401175 0.049946
v 0.180771 1.401175 0.049946
v -0.000000 1.559418 -0.064739
v -0.000000 1.559418 -0.064739
v -0.000000 1.559418 -0.064739
v -0.000000 1.495379 -0.173889
v -0.000000 1.495379 -0.173889
v 0.175897 1.310592 -0.084859
v 0.174208 1.326544 0.060142
v 0.190606 1.245192 0.085172
v 0.190606 1.245192 0.085172
v 0.192854 1.218203 0.026059
v 0.192854 1.218203 0.026059
v 0.105199 1.310538 -0.165120
v -0.000000 1.310538 -0.191289
v 0.185485 1.364386 0.022196
v 0.185485 1.364386 0.022196
v 0.172882 1.310592 0.031557
v 0.199937 1.202070 -0.050405
v 0.199937 1.202070 -0.050405
v 0.178802 1.310592 -0.031226
v 0.183005 1.364386 -0.031399
v 0.183005 1.364386 -0.031399
v -0.000000 1.533750 0.034714
v 0.060756 0.729737 0.178965
v 0.060756 0.729737 0.178965
v 0.095130 0.866982 0.141660
v 0.083867 1.063902 0.024521
v 0.083867 1.063902 0.024521
v 0.083867 1.063902 0.024521
v -0.000000 1.024986 0.054419
v 0.107809 1.007520 0.117300
v 0.107809 1.007520 0.117300
v 0.216822 1.078951 0.016726
v 0.216822 1.078951 0.016726
v 0.216822 1.078951 0.016726
v 0.112500 1.098842 0.020598
v 0.112500 1.098842 0.020598
v 0.117121 1.116168 -0.117178
v 0.117121 1.116168 -0.117178
v 0.117121 1.116168 -0.117178
v -0.000000 1.121979 -0.151010
v 0.074564 0.862942 0.114870
v 0.090104 1.080530 -0.086250
v 0.090104 1.080530 -0.086250
v 0.090104 1.080530 -0.086250
v -0.000000 1.088165 -0.127952
v -0.000000 1.088165 -0.127952
v 0.076273 1.133303 0.043733
v 0.076996 1.176356 -0.077496
v -0.000000 1.185235 -0.113451
v 0.149402 1.391223 0.049946
v 0.149402 1.391223 0.049946
v 0.094269 1.454798 0.098865
v 0.000000 1.432896 0.151062
v 0.144785 1.326544 0.060142
v 0.145507 1.245192 0.085172
v 0.145507 1.245192 0.085172
v 0.147755 1.218203 0.026059
v 0.147755 1.218203 0.026059
v 0.147237 1.364386 0.022196
v 0.147237 1.364386 0.022196
v 0.143459 1.310592 0.031557
v 0.140554 1.310592 -0.031226
v 0.166455 1.189659 -0.050405
v 0.166455 1.189659 -0.050405
v 0.144757 1.364386 -0.031399
v -0.000000 1.177718 -0.207542
v 0.097450 1.186980 -0.179592
v 0.097450 1.186980 -0.179592
v 0.161015 1.164678 -0.113574
v 0.161015 1.164678 -0.113574
v 0.161015 1.164678 -0.113574
v 0.105199 1.312534 -0.142600
v 0.145428 1.312580 -0.073939
v -0.141755 0.632030 0.090435
v -0.141755 0.632030 0.090435
v -0.141755 0.632030 0.090435
v -0.154453 0.663618 0.106485
v -0.154453 0.663618 0.106485
v -0.154453 0.663618 0.106485
v -0.111192 0.736136 -0.142910
v -0.111192 0.736136 -0.142910
v -0.111192 0.736136 -0.142910
v -0.095167 0.761032 -0.127637
v -0.095167 0.761032 -0.127637
v -0.176375 0.724789 -0.024586
v -0.176375 0.724789 -0.024586
v -0.176375 0.724789 -0.024586
v -0.140520 0.691397 0.094232
v -0.140520 0.691397 0.094232
v -0.140520 0.691397 0.094232
v -0.167379 0.406189 0.078834
v -0.167379 0.406189 0.078834
v -0.247125 0.431701 -0.034524
v -0.247125 0.431701 -0.034524
v -0.083818 0.999959 0.090505
v -0.083818 0.999959 0.090505
v -0.192624 0.698590 -0.024973
v -0.192624 0.698590 -0.024973
v -0.192624 0.698590 -0.024973
v -0.105904 0.708223 -0.130564
v -0.105904 0.708223 -0.130564
v -0.105904 0.708223 -0.130564
v -0.182817 0.671098 -0.026399
v -0.182817 0.671098 -0.026399
v -0.182817 0.671098 -0.026399
v -0.041144 0.726958 0.164463
v -0.041144 0.726958 0.164463
v -0.127582 0.598382 -0.160766
v -0.219937 0.563878 -0.039611
v -0.147694 0.919512 0.070936
v -0.147694 0.919512 0.070936
v -0.199545 0.893845 -0.082825
v -0.199545 0.893845 -0.082825
v -0.199545 0.893845 -0.082825
v -0.199545 0.893845 -0.082825
v -0.128518 0.794064 -0.156363
v -0.128518 0.794064 -0.156363
v -0.209038 0.766525 -0.021759
v -0.209038 0.766525 -0.021759
v -0.209038 0.766525 -0.021759
v -0.146086 0.450968 -0.166026
v -0.146086 0.450968 -0.166026
v -0.245085 1.047662 -0.121712
v -0.245085 1.047662 -0.121712
v -0.065255 1.107725 0.115428
v -0.065255 1.107725 0.115428
v -0.101528 1.229708 0.118839
v -0.015684 1.339014 0.192436
v -0.021975 1.261936 0.207758
v -0.021975 1.261936 0.207758
v -0.027320 1.386156 0.147029
v -0.027320 1.386156 0.147029
v -0.332801 0.890138 0.032333
v -0.332801 0.890138 0.032333
v -0.262048 0.918649 0.039247
v -0.668336 0.828690 0.226735
v -0.668336 0.828690 0.226735
v -0.643379 0.813786 0.215335
v -0.643379 0.813786 0.215335
v -0.636394 0.845484 0.031684
v -0.591256 0.837025 0.006776
v -0.591256 0.837025 0.006776
v -0.591256 0.837025 0.006776
v -0.478530 0.858588 0.097980
v -0.478530 0.858588 0.097980
v -0.524384 0.819270 0.128453
v -0.524384 0.819270 0.128453
v -0.545138 0.840528 0.088803
v -0.588302 0.905690 0.006264
v -0.588302 0.905690 0.006264
v -0.629648 0.897127 0.034038
v -0.527369 0.914362 0.132600
v -0.571116 0.906423 0.159860
v -0.571116 0.906423 0.159860
v -0.571116 0.906423 0.159860
v -0.566550 0.855096 0.162990
v -0.566550 0.855096 0.162990
v -0.566550 0.855096 0.162990
v -0.708205 0.819657 0.104528
v -0.708205 0.819657 0.104528
v -0.714082 0.824248 0.078945
v -0.714082 0.824248 0.078945
v -0.663617 0.808732 0.185470
v -0.663617 0.808732 0.185470
v -0.697049 0.817799 0.068458
v -0.697049 0.817799 0.068458
v -0.509218 0.852004 0.187461
v -0.509218 0.852004 0.187461
v -0.645997 0.882952 0.201921
v -0.645997 0.882952 0.201921
v -0.532254 0.907218 -0.000189
v -0.526281 0.861321 0.007204
v -0.485046 0.915915 0.090668
v -0.485046 0.915915 0.090668
v -0.599935 0.899173 0.175546
v -0.476056 0.758930 0.125790
v -0.476056 0.758930 0.125790
v -0.415994 0.815416 0.081911
v -0.533580 0.759583 0.010915
v -0.533580 0.759583 0.010915
v -0.466775 0.811594 -0.026283
v -0.375248 0.983368 0.022433
v -0.375248 0.983368 0.022433
v -0.547403 0.889333 0.178105
v -0.447643 0.957380 0.103639
v -0.648744 0.889497 0.050338
v -0.684767 0.876393 0.070223
v -0.684767 0.876393 0.070223
v -0.682847 0.877874 0.102099
v -0.682847 0.877874 0.102099
v -0.337345 0.876320 -0.078491
v -0.267631 0.907257 -0.080704
v -0.623694 0.842364 0.199200
v -0.623694 0.842364 0.199200
v -0.647881 0.848525 0.040682
v -0.660316 0.848924 0.095086
v -0.660316 0.848924 0.095086
v -0.676986 0.847861 0.058366
v -0.676986 0.847861 0.058366
v -0.588701 0.851019 0.173466
v -0.500909 0.947751 0.145981
v -0.500909 0.947751 0.145981
v -0.513830 0.951311 -0.046116
v -0.573674 0.942737 -0.010782
v -0.573674 0.942737 -0.010782
v -0.507029 0.887926 0.162565
v -0.395133 0.973027 -0.080722
v -0.431883 0.964211 -0.068759
v -0.389558 0.861068 -0.071606
v -0.566924 0.825573 0.049047
v -0.684601 0.823810 0.204295
v -0.684601 0.823810 0.204295
v -0.715609 0.813552 0.172333
v -0.715609 0.813552 0.172333
v -0.722942 0.814047 0.142983
v -0.722942 0.814047 0.142983
v -0.690243 0.813360 0.100979
v -0.690243 0.813360 0.100979
v -0.703073 0.805224 0.128984
v -0.703073 0.805224 0.128984
v -0.691422 0.804518 0.170478
v -0.691422 0.804518 0.170478
v -0.661002 0.880545 0.178529
v -0.661002 0.880545 0.178529
v -0.675287 0.879328 0.158281
v -0.675287 0.879328 0.158281
v -0.685438 0.876837 0.118001
v -0.685438 0.876837 0.118001
v -0.643552 0.841261 0.159075
v -0.643552 0.841261 0.159075
v -0.651391 0.842680 0.155430
v -0.651391 0.842680 0.155430
v -0.668027 0.847214 0.106584
v -0.668027 0.847214 0.106584
v -0.607199 0.845160 0.130498
v -0.607199 0.845160 0.130498
v -0.628660 0.845889 0.082614
v -0.628660 0.845889 0.082614
v -0.632475 0.892722 0.092074
v -0.632475 0.892722 0.092074
v -0.616205 0.895947 0.133810
v -0.616205 0.895947 0.133810
v -0.546405 0.871436 0.191315
v -0.525629 0.831956 0.159799
v -0.525629 0.831956 0.159799
v -0.554013 0.846673 0.207349
v -0.535458 0.812941 0.180610
v -0.521403 0.830111 0.204300
v -0.542622 0.803817 0.196524
v -0.542622 0.803817 0.196524
v -0.570640 0.818289 0.198905
v -0.570640 0.818289 0.198905
v -0.533927 0.809812 0.222463
v -0.533927 0.809812 0.222463
v -0.560961 0.822879 0.224531
v -0.560961 0.822879 0.224531
v -0.569304 0.831269 0.184053
v -0.305008 1.006805 0.022081
v -0.331601 0.993840 -0.096527
v -0.154129 0.735237 0.101809
v -0.154129 0.735237 0.101809
v -0.157402 0.517891 0.092698
v -0.045001 1.259536 0.147029
v -0.045001 1.259536 0.147029
v -0.096930 1.293375 0.152953
v -0.096930 1.293375 0.152953
v -0.088662 1.293375 0.132484
v -0.088662 1.293375 0.132484
v -0.086490 1.337147 0.134879
v -0.086490 1.337147 0.134879
v -0.093626 1.337147 0.152545
v -0.093626 1.337147 0.152545
v -0.056943 1.293375 0.167459
v -0.056943 1.293375 0.167459
v -0.059114 1.337147 0.165065
v -0.059114 1.337147 0.165065
v -0.048675 1.293375 0.146991
v -0.048675 1.293375 0.146991
v -0.051979 1.337147 0.147399
v -0.051979 1.337147 0.147399
v -0.122147 1.351444 0.152891
v -0.122147 1.351444 0.152891
v -0.113026 1.351444 0.130310
v -0.113026 1.351444 0.130310
v -0.107518 1.375761 0.132567
v -0.107518 1.375761 0.132567
v -0.115391 1.375761 0.152057
v -0.115391 1.375761 0.152057
v -0.040367 1.351444 0.182559
v -0.040367 1.351444 0.182559
v -0.044808 1.375761 0.177663
v -0.044808 1.375761 0.177663
v -0.031246 1.351444 0.159978
v -0.031246 1.351444 0.159978
v -0.036936 1.375761 0.158173
v -0.036936 1.375761 0.158173
v -0.160022 1.394096 0.046231
v -0.113333 1.387403 0.131864
v -0.097525 1.470848 0.101859
v -0.097525 1.470848 0.101859
v -0.133195 1.475962 0.036438
v -0.133195 1.475962 0.036438
v -0.128053 1.475962 -0.058507
v -0.069943 1.188874 -0.139650
v -0.093105 1.230750 -0.151172
v -0.107754 1.394096 -0.157501
v -0.082169 1.469506 -0.126374
v -0.082169 1.469506 -0.126374
v -0.048687 1.205939 0.141419
v -0.048687 1.205939 0.141419
v -0.097357 1.201128 0.115688
v -0.097357 1.201128 0.115688
v -0.052923 1.243882 0.146884
v -0.097413 1.199134 0.133173
v -0.097413 1.199134 0.133173
v -0.052980 1.241888 0.164369
v -0.048744 1.203944 0.182205
v -0.048744 1.203944 0.182205
v -0.097357 1.123028 0.115688
v -0.097357 1.123028 0.115688
v -0.076036 1.125135 0.126960
v -0.076036 1.125135 0.126960
v -0.097413 1.121033 0.133173
v -0.097413 1.121033 0.133173
v -0.076093 1.123140 0.144445
v -0.076093 1.123140 0.144445
v -0.152231 1.367330 0.018302
v -0.152231 1.367330 0.018302
v -0.185545 1.367996 -0.049712
v -0.185545 1.367996 -0.049712
v -0.172484 1.290327 -0.045669
v -0.172484 1.290327 -0.045669
v -0.138866 1.270996 0.017261
v -0.138866 1.270996 0.017261
v -0.177911 1.364022 0.029586
v -0.177911 1.364022 0.029586
v -0.211226 1.364687 -0.038428
v -0.211226 1.364687 -0.038428
v -0.198165 1.287019 -0.034385
v -0.198165 1.287019 -0.034385
v -0.164546 1.267688 0.028546
v -0.164546 1.267688 0.028546
v -0.112871 1.396090 -0.187830
v -0.112871 1.396090 -0.187830
v -0.112871 1.396090 -0.187830
v -0.109425 1.195104 -0.197090
v -0.086072 1.475082 -0.157542
v -0.086072 1.475082 -0.157542
v -0.136397 1.505747 -0.064739
v -0.136397 1.505747 -0.064739
v -0.136397 1.505747 -0.064739
v -0.197032 1.172807 -0.117720
v -0.197032 1.172807 -0.117720
v -0.197032 1.172807 -0.117720
v -0.184302 1.396090 -0.085206
v -0.184302 1.396090 -0.085206
v -0.110040 1.463477 0.125831
v -0.110040 1.463477 0.125831
v -0.110040 1.463477 0.125831
v -0.105908 1.492289 0.113165
v -0.105908 1.492289 0.113165
v 0.001775 1.517757 0.160249
v 0.001775 1.517757 0.160249
v 0.001775 1.517757 0.160249
v -0.141783 1.490614 0.034714
v -0.180771 1.401175 0.049946
v -0.180771 1.401175 0.049946
v -0.168860 0.253966 -0.000237
v -0.199601 0.169243 -0.026368
v -0.199601 0.169243 -0.026368
v -0.199601 0.169243 -0.026368
v -0.126488 0.000753 -0.032501
v -0.126488 0.000753 -0.032501
v -0.130891 0.000753 -0.122130
v -0.130891 0.000753 -0.122130
v -0.257084 0.000753 -0.073671
v -0.257084 0.000753 -0.073671
v -0.211562 0.000753 -0.140364
v -0.211562 0.000753 -0.140364
v -0.119019 0.110817 -0.119200
v -0.119019 0.110817 -0.119200
v -0.118173 0.169295 -0.095681
v -0.118173 0.169295 -0.095681
v -0.207067 0.029549 -0.153821
v -0.207067 0.029549 -0.153821
v -0.207067 0.029549 -0.153821
v -0.126396 0.029620 -0.135587
v -0.126396 0.029620 -0.135587
v -0.126396 0.029620 -0.135587
v -0.146643 0.163469 -0.012339
v -0.091474 0.246149 -0.015921
v -0.091474 0.246149 -0.015921
v -0.140337 0.258116 -0.106804
v -0.140337 0.258116 -0.106804
v -0.148330 0.112217 -0.023880
v -0.148330 0.112217 -0.023880
v -0.148330 0.112217 -0.023880
v -0.142973 0.087019 -0.106118
v -0.142973 0.087019 -0.106118
v -0.158671 0.091606 -0.049080
v -0.158671 0.091606 -0.049080
v -0.176222 0.053738 0.034729
v -0.202423 0.098154 -0.049901
v -0.202423 0.098154 -0.049901
v -0.237922 0.053834 0.003115
v -0.188077 0.090942 -0.119274
v -0.188077 0.090942 -0.119274
v -0.193916 0.117657 -0.136959
v -0.185172 0.175772 -0.107058
v -0.185172 0.175772 -0.107058
v -0.185172 0.175772 -0.107058
v -0.137484 0.296773 -0.075637
v -0.216774 0.265487 -0.068670
v -0.216774 0.265487 -0.068670
v -0.182883 0.000754 0.137865
v -0.182883 0.000754 0.137865
v -0.294560 0.000754 0.097490
v -0.294560 0.000754 0.097490
v -0.197478 0.042840 0.095053
v -0.260050 0.040366 0.071424
v -0.174584 0.282712 0.032502
v -0.201606 0.303829 -0.054542
v -0.098265 0.287880 -0.011037
v -0.198082 0.388183 -0.032457
v -0.160541 0.320662 0.028971
v -0.069846 0.363266 -0.005681
v -0.119815 0.378151 -0.072432
v -0.019793 0.497542 -0.014430
v -0.146846 0.377081 0.049780
v -0.119302 0.492569 0.072444
v -0.187876 0.501647 -0.009379
v -0.081130 0.507396 -0.078165
v -0.246593 0.047429 0.157341
v -0.246593 0.047429 0.157341
v -0.238361 0.026176 0.154033
v -0.238361 0.026176 0.154033
v -0.265850 0.049327 0.148331
v -0.265850 0.049327 0.148331
v -0.273187 0.030034 0.139848
v -0.273187 0.030034 0.139848
v -0.282957 0.020281 0.122164
v -0.209256 0.020281 0.148810
v -0.218887 0.050607 0.120556
v -0.260182 0.048974 0.104962
v -0.214746 0.121089 -0.031597
v -0.214746 0.121089 -0.031597
v -0.242256 0.104479 -0.023458
v -0.242256 0.104479 -0.023458
v -0.193882 0.095245 -0.165342
v -0.193882 0.095245 -0.165342
v -0.097422 0.086226 -0.126458
v -0.097422 0.086226 -0.126458
v -0.151281 0.091471 -0.004597
v -0.151281 0.091471 -0.004597
v -0.175897 1.310592 -0.084859
v -0.174208 1.326544 0.060142
v -0.190606 1.245192 0.085172
v -0.190606 1.245192 0.085172
v -0.192854 1.218203 0.026059
v -0.192854 1.218203 0.026059
v -0.105199 1.310538 -0.165120
v -0.185485 1.364386 0.022196
v -0.185485 1.364386 0.022196
v -0.172882 1.310592 0.031557
v -0.199938 1.202070 -0.050405
v -0.199938 1.202070 -0.050405
v -0.178802 1.310592 -0.031226
v -0.183005 1.364386 -0.031399
v -0.183005 1.364386 -0.031399
v -0.060756 0.729737 0.178965
v -0.060756 0.729737 0.178965
v -0.095130 0.866982 0.141660
v -0.083867 1.063902 0.024521
v -0.083867 1.063902 0.024521
v -0.083867 1.063902 0.024521
v -0.107809 1.007520 0.117300
v -0.107809 1.007520 0.117300
v -0.216822 1.078951 0.016726
v -0.216822 1.078951 0.016726
v -0.216822 1.078951 0.016726
v -0.112500 1.098842 0.020598
v -0.112500 1.098842 0.020598
v -0.117121 1.116168 -0.117178
v -0.117121 1.116168 -0.117178
v -0.117121 1.116168 -0.117178
v -0.074564 0.862942 0.114870
v -0.090104 1.080530 -0.086249
v -0.090104 1.080530 -0.086249
v -0.090104 1.080530 -0.086249
v -0.076273 1.133303 0.043733
v -0.076996 1.176356 -0.077496
v -0.149402 1.391223 0.049946
v -0.149402 1.391223 0.049946
v -0.094269 1.454798 0.098865
v -0.144785 1.326544 0.060142
v -0.145507 1.245192 0.085172
v -0.145507 1.245192 0.085172
v -0.147755 1.218203 0.026059
v -0.147755 1.218203 0.026059
v -0.147237 1.364386 0.022196
v -0.147237 1.364386 0.022196
v -0.143459 1.310592 0.031557
v -0.140554 1.310592 -0.031226
v -0.166455 1.189659 -0.050405
v -0.166455 1.189659 -0.050405
v -0.144757 1.364386 -0.031399
v -0.097450 1.186980 -0.179592
v -0.097450 1.186980 -0.179592
v -0.161015 1.164678 -0.113574
v -0.161015 1.164678 -0.113574
v -0.161015 1.164678 -0.113574
v -0.105199 1.312534 -0.142600
v -0.145428 1.312580 -0.073939
v 0.168860 0.253966 -0.000237
v 0.199601 0.169243 -0.026368
v 0.199601 0.169243 -0.026368
v 0.199601 0.169243 -0.026368
v 0.126488 0.000754 -0.032501
v 0.126488 0.000754 -0.032501
v 0.130891 0.000753 -0.122130
v 0.130891 0.000753 -0.122130
v 0.257084 0.000754 -0.073671
v 0.257084 0.000754 -0.073671
v 0.211562 0.000754 -0.140364
v 0.211562 0.000754 -0.140364
v 0.119019 0.110817 -0.119200
v 0.119019 0.110817 -0.119200
v 0.118173 0.169295 -0.095681
v 0.118173 0.169295 -0.095681
v 0.207067 0.029549 -0.153821
v 0.207067 0.029549 -0.153821
v 0.207067 0.029549 -0.153821
v 0.126396 0.029620 -0.135587
v 0.126396 0.029620 -0.135587
v 0.126396 0.029620 -0.135587
v 0.146643 0.163469 -0.012339
v 0.091474 0.246149 -0.015921
v 0.091474 0.246149 -0.015921
v 0.140337 0.258116 -0.106804
v 0.140337 0.258116 -0.106804
v 0.148330 0.112217 -0.023880
v 0.148330 0.112217 -0.023880
v 0.148330 0.112217 -0.023880
v 0.142973 0.087019 -0.106118
v 0.142973 0.087019 -0.106118
v 0.158671 0.091606 -0.049080
v 0.158671 0.091606 -0.049080
v 0.176222 0.053738 0.034729
v 0.202423 0.098154 -0.049901
v 0.202423 0.098154 -0.049901
v 0.237922 0.053834 0.003115
v 0.188077 0.090942 -0.119274
v 0.188077 0.090942 -0.119274
v 0.193916 0.117657 -0.136959
v 0.185172 0.175772 -0.107058
v 0.185172 0.175772 -0.107058
v 0.185172 0.175772 -0.107058
v 0.137484 0.296773 -0.075637
v 0.216774 0.265487 -0.068670
v 0.216774 0.265487 -0.068670
v 0.182883 0.000754 0.137865
v 0.182883 0.000754 0.137865
v 0.294560 0.000754 0.097490
v 0.294560 0.000754 0.097490
v 0.197478 0.042840 0.095053
v 0.260050 0.040366 0.071424
v 0.174584 0.282712 0.032502
v 0.201606 0.303829 -0.054542
v 0.098265 0.287881 -0.011037
v 0.198082 0.388183 -0.032457
v 0.160541 0.320662 0.028971
v 0.069846 0.363266 -0.005681
v 0.119815 0.378151 -0.072432
v 0.019793 0.497542 -0.014430
v 0.146846 0.377081 0.049780
v 0.119302 0.492569 0.072444
v 0.187876 0.501647 -0.009379
v 0.081130 0.507396 -0.078165
v 0.246593 0.047429 0.157341
v 0.246593 0.047429 0.157341
v 0.238361 0.026176 0.154033
v 0.238361 0.026176 0.154033
v 0.265850 0.049327 0.148331
v 0.265850 0.049327 0.148331
v 0.273187 0.030034 0.139848
v 0.273187 0.030034 0.139848
v 0.282957 0.020281 0.122164
v 0.209256 0.020281 0.148810
v 0.218887 0.050607 0.120556
v 0.260182 0.048974 0.104962
v 0.214746 0.121089 -0.031597
v 0.214746 0.121089 -0.031597
v 0.242256 0.104479 -0.023458
v 0.242256 0.104479 -0.023458
v 0.193882 0.095245 -0.165342
v 0.193882 0.095245 -0.165342
v 0.097422 0.086226 -0.126458
v 0.097422 0.086226 -0.126458
v 0.151281 0.091471 -0.004597
v 0.151281 0.091471 -0.004597
vn 0.2043 0.1596 -0.9658
vn 0.3427 0.0020 0.9395
vn 0.8016 0.2138 -0.5583
vn 0.7949 0.1408 -0.5901
vn 0.3767 -0.0566 0.9246
vn 0.1614 0.7136 0.6817
vn 0.0420 -0.9831 0.1783
vn 0.2096 0.4490 -0.8686
vn 0.8239 -0.1940 -0.5325
vn 0.5850 -0.5446 -0.6010
vn 0.2934 -0.7786 -0.5547
vn 0.5330 -0.4603 0.7100
vn 0.6219 -0.4429 -0.6458
vn 0.2062 0.6066 -0.7678
vn 0.8009 0.1304 -0.5844
vn 0.1076 -0.2004 -0.9738
vn 0.1353 0.1506 0.9793
vn 0.6154 -0.3159 0.7222
vn 0.8156 0.2974 -0.4962
vn 0.8819 0.1817 0.4350
vn 0.8021 0.3211 -0.5035
vn 0.6908 -0.3979 -0.6037
vn 0.7582 0.5409 0.3641
vn 0.7361 -0.2534 -0.6277
vn 0.8573 -0.2302 0.4605
vn 0.9907 0.1247 -0.0537
vn 0.4012 0.1569 0.9025
vn 0.3933 -0.9163 -0.0754
vn 0.9444 -0.2414 0.2233
vn 0.2525 -0.9632 0.0919
vn 0.9204 0.1285 0.3693
vn 0.1981 -0.9736 0.1136
vn -0.1118 -0.9860 0.1240
vn 0.3912 -0.2224 -0.8930
vn -0.6068 0.0894 0.7898
vn -0.4868 -0.8507 -0.1984
vn -0.5711 -0.0068 0.8208
vn 0.0446 -0.0835 -0.9955
vn -0.4466 -0.8935 -0.0472
vn -0.6713 -0.6566 -0.3438
vn 0.3788 -0.9243 -0.0469
vn -0.2585 0.7167 0.6477
vn 0.1169 0.9931 -0.0118
vn -0.3210 -0.8511 -0.4154
vn 0.1309 0.9913 -0.0154
vn -0.7257 -0.6273 0.2827
vn 0.2403 0.9700 0.0362
vn -0.4574 0.0946 0.8842
vn 0.3866 -0.5853 -0.7127
vn 0.2059 -0.9784 0.0180
vn 0.3679 -0.9279 -0.0606
vn 0.0360 -0.9993 -0.0096
vn 0.7473 0.5051 0.4318
vn 0.3005 0.9537 0.0065
vn 0.2692 -0.0840 -0.9594
vn -0.6721 -0.6642 -0.3272
vn 0.7484 0.5057 0.4291
vn 0.0263 0.0937 0.9953
vn -0.5833 0.1497 0.7983
vn -0.9278 0.1656 0.3342
vn 0.2850 0.9577 -0.0411
vn -0.3495 -0.9314 0.1018
vn 0.8906 -0.1529 0.4284
vn 0.8955 -0.1462 0.4203
vn 0.8825 -0.1633 0.4410
vn 0.8886 -0.1555 0.4315
vn 0.0454 0.9976 -0.0520
vn 0.0864 0.9950 -0.0503
vn -0.6863 -0.6917 0.2249
vn 0.2643 0.9638 0.0354
vn 0.6089 0.1730 -0.7741
vn 0.5737 0.1519 -0.8049
vn -0.1878 -0.9820 0.0217
vn -0.2801 -0.9437 -0.1758
vn -0.4212 -0.8909 -0.1702
vn -0.4410 -0.8710 -0.2166
vn 0.1768 -0.9837 -0.0323
vn 0.1941 -0.9762 0.0964
vn 0.1271 -0.9859 0.1090
vn -0.1252 0.1333 0.9831
vn 0.5715 0.0149 -0.8205
vn 0.5644 0.0124 -0.8254
vn -0.1667 0.1235 0.9782
vn -0.2872 0.1312 0.9488
vn 0.5046 0.0406 -0.8624
vn -0.3428 0.1003 0.9340
vn 0.5083 0.0563 -0.8593
vn -0.2811 -0.1132 0.9530
vn -0.4265 0.0838 0.9006
vn -0.3488 -0.1582 0.9238
vn -0.4899 0.0300 0.8713
vn 0.7105 -0.1239 -0.6927
vn 0.7270 -0.0619 -0.6838
vn -0.1937 -0.0004 0.9811
vn -0.2079 -0.0246 0.9778
vn 0.2876 0.9574 -0.0272
vn 0.7260 0.0179 -0.6874
vn 0.7007 -0.0188 -0.7132
vn 0.0713 -0.9956 0.0612
vn 0.8439 0.3743 0.3843
vn 0.3873 -0.5834 -0.7139
vn -0.3326 0.4849 0.8089
vn -0.3171 0.4758 0.8204
vn -0.8106 -0.5827 -0.0585
vn 0.8652 0.3983 0.3045
vn -0.3219 0.4841 0.8136
vn 0.4107 -0.6988 -0.5856
vn 0.4189 -0.6738 -0.6087
vn -0.7899 -0.6002 -0.1261
vn 0.8661 0.4331 0.2496
vn -0.1104 -0.9890 0.0985
vn 0.4828 0.3760 0.7909
vn -0.0000 -1.0000 -0.0000
vn -0.0000 1.0000 -0.0000
vn 0.7367 -0.6761 0.0128
vn 0.3171 0.9438 0.0932
vn 0.3017 0.9197 0.2514
vn 0.9411 0.1606 -0.2974
vn 0.9019 -0.2875 -0.3225
vn 0.5679 -0.7257 -0.3885
vn 0.3230 0.9381 -0.1249
vn 0.2221 0.1813 -0.9580
vn 0.2473 -0.1860 -0.9509
vn 0.2594 -0.3511 -0.8997
vn 0.2299 0.4072 -0.8839
vn 0.5991 0.7957 0.0888
vn 0.7187 0.6911 0.0765
vn -0.9490 -0.3147 -0.0163
vn -0.9491 -0.3147 -0.0141
vn 1.0000 -0.0000 -0.0032
vn -0.9485 -0.3151 -0.0329
vn 0.4975 0.8620 0.0968
vn -0.9487 -0.3150 -0.0284
vn 0.1018 0.9930 0.0596
vn 0.0048 -0.9566 -0.2913
vn 0.3875 -0.1128 -0.9149
vn 0.2877 0.9509 0.1142
vn 0.2889 0.9496 0.1214
vn 0.3038 -0.9327 0.1944
vn -0.0441 0.1390 0.9893
vn 0.7745 -0.1398 -0.6170
vn 0.1534 -0.8942 -0.4205
vn 0.9171 0.3986 0.0110
vn 0.2265 -0.2609 -0.9384
vn 0.1345 -0.9268 -0.3506
vn 0.2297 0.3878 -0.8927
vn -0.0000 0.2941 0.9558
vn 0.2325 -0.2690 -0.9347
vn 0.9962 0.0628 -0.0600
vn -0.0058 0.2254 0.9742
vn -0.0000 0.0594 -0.9982
vn -0.0000 -0.0569 -0.9984
vn 0.0051 -0.0801 0.9968
vn 0.3235 -0.8728 0.3655
vn 0.7331 -0.0258 0.6796
vn -0.7832 0.2489 0.5698
vn -0.6118 0.3249 0.7212
vn -0.7439 0.6328 0.2148
vn 0.2256 0.4305 -0.8739
vn -0.0697 0.7366 0.6728
vn -0.7773 0.2539 0.5757
vn 0.2753 -0.5190 0.8092
vn 0.9936 0.0895 0.0694
vn 0.4256 0.1399 -0.8940
vn 0.9922 0.1079 0.0618
vn 0.9900 0.1306 0.0523
vn -0.4309 -0.7545 0.4949
vn -0.9973 0.0724 0.0078
vn -0.9994 -0.0340 -0.0033
vn -0.9988 0.0439 0.0222
vn -0.9988 -0.0454 -0.0172
vn -0.9997 0.0179 0.0167
vn -0.9745 -0.1897 -0.1200
vn -0.9839 -0.1496 0.0978
vn -0.9974 0.0721 0.0074
vn -0.9801 -0.1408 0.1401
vn -0.2383 -0.2655 0.9342
vn -0.8102 -0.1975 0.5519
vn -0.9823 -0.1787 -0.0555
vn -0.2043 0.1596 -0.9658
vn -0.3427 0.0020 0.9395
vn -0.8016 0.2138 -0.5583
vn -0.7949 0.1408 -0.5901
vn -0.3767 -0.0566 0.9246
vn -0.1614 0.7136 0.6817
vn -0.0420 -0.9831 0.1783
vn -0.2096 0.4490 -0.8686
vn -0.8239 -0.1940 -0.5325
vn -0.5851 -0.5446 -0.6010
vn -0.2934 -0.7786 -0.5547
vn -0.5330 -0.4603 0.7100
vn -0.6219 -0.4429 -0.6458
vn -0.2062 0.6066 -0.7678
vn -0.8009 0.1304 -0.5844
vn -0.1076 -0.2004 -0.9738
vn -0.1353 0.1506 0.9793
vn -0.6154 -0.3159 0.7222
vn -0.0000 0.0450 -0.9990
vn -0.8156 0.2974 -0.4962
vn -0.8819 0.1817 0.4350
vn -0.8021 0.3211 -0.5035
vn -0.6908 -0.3979 -0.6037
vn -0.7582 0.5409 0.3641
vn -0.7361 -0.2534 -0.6277
vn -0.3966 -0.0105 0.9179
vn -0.3639 0.0288 0.9310
vn -0.0000 0.1643 -0.9864
vn -0.0000 0.2237 0.9747
vn -0.2842 -0.2168 -0.9339
vn -0.2625 -0.1594 -0.9517
vn -0.2753 -0.5190 0.8092
vn -0.0000 0.7670 0.6417
vn 0.6011 0.1132 0.7911
vn -0.0000 -0.7504 -0.6610
vn -0.0000 -0.9956 -0.0936
vn -0.3359 0.2033 -0.9197
vn -0.0000 0.2923 -0.9563
vn -0.3242 0.0920 0.9415
vn -0.0000 -0.4274 -0.9040
vn -0.3556 -0.4679 0.8091
vn -0.8573 -0.2302 0.4605
vn -0.9907 0.1247 -0.0537
vn -0.4012 0.1569 0.9025
vn -0.3933 -0.9163 -0.0754
vn -0.9444 -0.2414 0.2233
vn -0.4348 -0.0999 0.8950
vn -0.3561 0.2164 0.9090
vn -0.3770 -0.9259 -0.0231
vn -0.2525 -0.9632 0.0919
vn -0.9204 0.1285 0.3693
vn -0.1981 -0.9736 0.1136
vn 0.1118 -0.9860 0.1240
vn -0.3912 -0.2224 -0.8930
vn 0.6068 0.0894 0.7898
vn 0.4868 -0.8507 -0.1984
vn 0.5711 -0.0068 0.8208
vn -0.0446 -0.0835 -0.9955
vn 0.4466 -0.8935 -0.0472
vn 0.6713 -0.6566 -0.3438
vn -0.3788 -0.9243 -0.0469
vn 0.2585 0.7167 0.6477
vn -0.1169 0.9931 -0.0118
vn 0.3210 -0.8511 -0.4154
vn -0.1309 0.9913 -0.0154
vn 0.7257 -0.6273 0.2827
vn -0.2403 0.9700 0.0362
vn 0.4574 0.0946 0.8842
vn -0.3866 -0.5853 -0.7127
vn -0.2059 -0.9784 0.0180
vn -0.3679 -0.9279 -0.0606
vn -0.0360 -0.9993 -0.0096
vn -0.7473 0.5051 0.4318
vn -0.3005 0.9537 0.0065
vn -0.2692 -0.0840 -0.9594
vn 0.6721 -0.6642 -0.3272
vn -0.7484 0.5057 0.4291
vn -0.0263 0.0937 0.9953
vn 0.5833 0.1497 0.7983
vn 0.9278 0.1656 0.3342
vn -0.2850 0.9577 -0.0411
vn 0.3495 -0.9314 0.1018
vn -0.8906 -0.1529 0.4284
vn -0.8955 -0.1462 0.4203
vn -0.8825 -0.1633 0.4410
vn -0.8886 -0.1555 0.4315
vn -0.0454 0.9976 -0.0520
vn -0.0864 0.9950 -0.0503
vn 0.6863 -0.6917 0.2249
vn -0.2643 0.9638 0.0354
vn -0.6089 0.1730 -0.7741
vn -0.5737 0.1519 -0.8049
vn 0.1878 -0.9820 0.0217
vn 0.2801 -0.9437 -0.1758
vn 0.4212 -0.8909 -0.1702
vn 0.4410 -0.8710 -0.2166
vn -0.1768 -0.9837 -0.0323
vn -0.1941 -0.9762 0.0964
vn -0.1271 -0.9859 0.1090
vn 0.1252 0.1333 0.9831
vn -0.5715 0.0149 -0.8205
vn -0.5644 0.0124 -0.8254
vn 0.1667 0.1235 0.9782
vn 0.2872 0.1312 0.9488
vn -0.5046 0.0406 -0.8624
vn 0.3428 0.1003 0.9340
vn -0.5083 0.0563 -0.8593
vn 0.2811 -0.1132 0.9530
vn 0.4265 0.0838 0.9006
vn 0.3488 -0.1582 0.9238
vn 0.4899 0.0300 0.8713
vn -0.7105 -0.1239 -0.6927
vn -0.7270 -0.0619 -0.6838
vn 0.1937 -0.0004 0.9811
vn 0.2079 -0.0246 0.9778
vn -0.2876 0.9574 -0.0272
vn -0.7260 0.0179 -0.6875
vn -0.7007 -0.0188 -0.7132
vn -0.0713 -0.9956 0.0612
vn -0.8439 0.3743 0.3843
vn -0.3873 -0.5834 -0.7139
vn 0.3326 0.4849 0.8089
vn 0.3171 0.4758 0.8204
vn 0.8106 -0.5827 -0.0585
vn -0.8652 0.3983 0.3045
vn 0.3219 0.4841 0.8136
vn -0.4107 -0.6988 -0.5856
vn -0.4189 -0.6738 -0.6087
vn 0.7899 -0.6002 -0.1261
vn -0.8661 0.4331 0.2496
vn 0.1104 -0.9890 0.0985
vn -0.4828 0.3760 0.7909
vn -0.2305 0.6994 0.6766
vn -0.0000 -0.9940 0.1090
vn -0.4403 0.4151 0.7961
vn -0.3384 0.1835 0.9229
vn -0.7367 -0.6761 0.0128
vn -0.3171 0.9438 0.0932
vn -0.3017 0.9197 0.2514
vn -0.2875 0.9185 0.2715
vn -0.9411 0.1606 -0.2974
vn -0.9019 -0.2875 -0.3225
vn -0.5679 -0.7257 -0.3885
vn -0.3230 0.9381 -0.1249
vn -0.2221 0.1813 -0.9580
vn -0.2473 -0.1860 -0.9509
vn -0.2594 -0.3511 -0.8997
vn -0.2299 0.4072 -0.8839
vn -0.0000 -0.1794 -0.9838
vn -0.0000 0.1816 -0.9834
vn -0.2768 0.8979 -0.3424
vn -0.3109 -0.2741 -0.9101
vn -0.3139 0.9414 0.1238
vn -0.3169 0.9353 -0.1574
vn -0.3847 -0.9211 -0.0589
vn -0.3952 -0.9026 -0.1708
vn -0.3432 -0.8520 -0.3953
vn -0.5991 0.7957 0.0888
vn -0.7187 0.6911 0.0765
vn -0.3508 0.9304 0.1060
vn 0.4471 0.1779 -0.8766
vn -0.4721 0.2260 0.8521
vn 0.9490 -0.3147 -0.0163
vn 0.9491 -0.3147 -0.0141
vn -1.0000 -0.0000 -0.0032
vn 0.9485 -0.3151 -0.0329
vn -0.4975 0.8620 0.0968
vn -0.3508 0.9304 0.1062
vn 0.9487 -0.3150 -0.0284
vn -0.1018 0.9930 0.0596
vn -0.0048 -0.9566 -0.2913
vn -0.3875 -0.1128 -0.9149
vn -0.2853 0.9512 0.1176
vn -0.2889 0.9496 0.1214
vn -0.3350 -0.8142 0.4741
vn -0.3038 -0.9327 0.1944
vn 0.0441 0.1390 0.9893
vn 0.1984 -0.4393 -0.8761
vn 0.1981 -0.4400 -0.8759
vn 0.1983 -0.4395 -0.8761
vn 0.1980 -0.4402 -0.8758
vn 0.8122 -0.5316 0.2403
vn 0.2216 -0.3481 0.9109
vn -0.9487 -0.2528 -0.1901
vn 0.1590 -0.0835 -0.9837
vn -0.0201 -0.9998 -0.0044
vn -0.0956 -0.9952 0.0212
vn 0.9833 -0.1756 -0.0483
vn -0.8217 0.5416 -0.1774
vn 0.8473 0.4408 0.2963
vn -0.1255 -0.9909 0.0492
vn -0.2006 -0.9781 -0.0555
vn -0.1695 -0.1759 0.9697
vn 0.8778 0.1626 -0.4505
vn -0.9396 0.3110 -0.1429
vn -0.4167 0.2296 -0.8796
vn -0.3035 0.3503 -0.8861
vn -0.2421 -0.7022 0.6696
vn -0.0273 0.9995 -0.0181
vn -0.0278 0.9991 -0.0310
vn 0.8395 -0.0045 -0.5433
vn 0.4764 -0.3880 0.7890
vn -0.3048 0.3005 -0.9038
vn 0.7343 -0.2536 -0.6296
vn 0.5087 -0.3399 0.7910
vn -0.4190 0.2303 -0.8783
vn 0.7704 -0.2269 -0.5959
vn 0.6659 -0.2929 -0.6861
vn 0.6044 -0.2297 0.7628
vn -0.4978 0.1608 -0.8523
vn 0.6943 -0.2792 -0.6633
vn 0.4842 -0.2326 0.8435
vn 0.0426 0.9921 0.1178
vn 0.5768 0.4627 0.6732
vn -0.9087 0.3992 -0.1220
vn -0.8521 0.5222 -0.0342
vn -0.7851 0.6178 -0.0447
vn -0.2218 -0.7579 0.6135
vn 0.6321 0.5766 0.5177
vn 0.0186 0.9881 -0.1527
vn 0.7973 0.5460 0.2574
vn 0.8936 0.2308 0.3850
vn -0.0916 0.5564 0.8258
vn 0.2491 0.7204 -0.6473
vn 0.7640 0.6043 0.2261
vn 0.8870 0.2756 0.3704
vn -0.8793 0.3900 -0.2733
vn -0.0760 0.5779 0.8126
vn -0.2799 0.9518 0.1252
vn -0.7745 -0.1398 -0.6170
vn -0.1534 -0.8942 -0.4205
vn -0.9171 0.3986 0.0110
vn -0.2265 -0.2609 -0.9384
vn -0.1345 -0.9268 -0.3506
vn -0.2297 0.3878 -0.8927
vn -0.0000 -0.9552 -0.2959
vn -0.0000 -0.2566 -0.9665
vn -0.2869 0.8262 -0.4848
vn -0.3084 0.9380 0.1584
vn -0.3560 0.9048 0.2335
vn -0.2325 -0.2690 -0.9347
vn -0.9962 0.0628 -0.0600
vn -0.0000 -0.2649 -0.9643
vn 0.0058 0.2254 0.9742
vn -0.0051 -0.0801 0.9968
vn -0.3235 -0.8728 0.3655
vn -0.7331 -0.0258 0.6796
vn -0.0000 0.0396 0.9992
vn 0.7832 0.2489 0.5698
vn 0.6118 0.3249 0.7212
vn 0.7439 0.6328 0.2148
vn -0.0000 0.3857 -0.9226
vn -0.2256 0.4305 -0.8739
vn 0.0697 0.7366 0.6728
vn 0.7773 0.2539 0.5757
vn -0.9936 0.0895 0.0694
vn -0.4256 0.1399 -0.8940
vn -0.4285 0.1368 -0.8931
vn -0.9922 0.1079 0.0618
vn -0.0000 -0.0936 0.9956
vn -0.4319 0.1333 -0.8920
vn -0.9900 0.1306 0.0523
vn -0.3317 -0.8409 0.4276
vn 0.4309 -0.7545 0.4949
vn 0.9973 0.0724 0.0078
vn 0.9994 -0.0340 -0.0033
vn 0.9988 0.0439 0.0222
vn 0.9988 -0.0454 -0.0172
vn 0.9997 0.0179 0.0167
vn 0.9745 -0.1897 -0.1200
vn 0.9839 -0.1496 0.0978
vn 0.9974 0.0721 0.0074
vn 0.9801 -0.1408 0.1401
vn 0.2383 -0.2655 0.9342
vn -0.0000 -0.2764 0.9610
vn 0.8102 -0.1975 0.5519
vn 0.9823 -0.1787 -0.0555
vn -0.0000 -0.2721 0.9623
vn -0.1984 -0.4393 -0.8761
vn -0.1981 -0.4400 -0.8759
vn -0.1983 -0.4395 -0.8761
vn -0.1980 -0.4402 -0.8758
vn -0.8122 -0.5316 0.2403
vn -0.2216 -0.3481 0.9109
vn 0.9487 -0.2528 -0.1901
vn -0.1590 -0.0835 -0.9837
vn 0.0201 -0.9998 -0.0044
vn 0.0956 -0.9952 0.0212
vn -0.9833 -0.1756 -0.0483
vn 0.8217 0.5416 -0.1774
vn -0.8473 0.4408 0.2963
vn 0.1255 -0.9909 0.0492
vn 0.2006 -0.9781 -0.0555
vn 0.1695 -0.1759 0.9697
vn -0.8778 0.1626 -0.4505
vn 0.9396 0.3110 -0.1429
vn 0.4167 0.2296 -0.8796
vn 0.3035 0.3503 -0.8861
vn 0.2421 -0.7022 0.6696
vn 0.0273 0.9995 -0.0181
vn 0.0278 0.9991 -0.0310
vn -0.8395 -0.0045 -0.5433
vn -0.4764 -0.3880 0.7890
vn 0.3048 0.3005 -0.9038
vn -0.7343 -0.2536 -0.6296
vn -0.5087 -0.3399 0.7910
vn 0.4190 0.2303 -0.8783
vn -0.7704 -0.2269 -0.5959
vn -0.6659 -0.2929 -0.6861
vn -0.6044 -0.2297 0.7628
vn 0.4978 0.1608 -0.8523
vn -0.6943 -0.2792 -0.6633
vn -0.4842 -0.2326 0.8435
vn -0.0426 0.9921 0.1178
vn -0.5768 0.4627 0.6732
vn 0.9087 0.3992 -0.1220
vn 0.8521 0.5222 -0.0342
vn 0.7851 0.6178 -0.0447
vn 0.2218 -0.7579 0.6135
vn -0.6321 0.5766 0.5177
vn -0.0186 0.9881 -0.1527
vn -0.7973 0.5460 0.2574
vn -0.8936 0.2308 0.3850
vn 0.0916 0.5564 0.8258
vn -0.2491 0.7204 -0.6473
vn -0.7640 0.6043 0.2261
vn -0.8870 0.2756 0.3704
vn 0.8793 0.3900 -0.2733
vn 0.0760 0.5779 0.8126
vn 0.8836 -0.4385 0.1639
vn 0.3409 -0.5219 0.7819
vn 0.3091 0.0612 0.9491
vn 0.8899 -0.4248 0.1660
vn 0.2112 0.4702 0.8569
vn 0.3383 -0.5308 0.7770
vn 0.7063 0.6268 -0.3290
vn 0.1290 -0.4219 -0.8974
vn 0.2069 0.6049 -0.7690
vn 0.6946 0.6439 -0.3209
vn 0.2946 -0.7517 -0.5900
vn -0.0000 0.6320 -0.7749
vn 0.7904 0.4847 0.3747
vn 0.7735 0.5093 -0.3773
vn 0.8048 -0.5629 0.1882
vn 0.7622 0.5344 0.3654
vn 0.2103 0.4809 0.8512
vn 0.9279 -0.3209 0.1898
vn -0.1161 -0.9152 -0.3860
vn 0.8177 0.0016 0.5756
vn -0.1941 -0.9634 -0.1849
vn 0.8471 0.1164 0.5186
vn 0.1392 0.1684 0.9758
vn -0.7458 0.3591 0.5610
vn -0.0000 0.1738 0.9848
vn 0.7860 0.4928 0.3733
vn 0.9238 -0.3388 0.1781
vn 0.7822 0.4908 -0.3838
vn 0.3584 -0.4568 0.8142
vn 0.3242 0.0920 0.9415
vn -0.3584 -0.4568 0.8142
vn 0.6971 -0.3810 -0.6073
vn 0.1290 -0.4215 -0.8976
vn 0.2160 0.2914 -0.9319
vn 0.7413 -0.2318 -0.6299
vn 0.9187 -0.3536 0.1762
vn 0.8818 0.2565 0.3957
vn -0.0000 -0.4271 -0.9042
vn -0.0000 0.4177 0.9086
vn 0.3556 -0.4679 0.8091
vn -0.0000 0.6294 -0.7771
vn 0.2328 0.3039 0.9238
vn -0.5996 0.2267 0.7675
vn -0.0000 0.3162 0.9487
vn 0.8102 0.2319 -0.5384
vn 0.8722 0.1976 0.4475
vn 0.3639 0.0288 0.9310
vn 0.8168 0.0712 0.5726
vn 0.2046 0.1706 0.9638
vn 0.9373 0.2051 0.2818
vn 0.2278 -0.2959 -0.9277
vn 0.1264 -0.9828 0.1350
vn 0.4430 0.3058 -0.8428
vn 0.4074 0.2713 -0.8720
vn 0.9204 0.1504 0.3609
vn 0.7676 -0.6133 0.1858
vn -0.1567 -0.9808 0.1164
vn 0.1796 0.0576 -0.9821
vn -0.0000 0.4263 0.9046
vn 0.3220 -0.7112 0.6249
vn -0.3220 -0.7112 0.6249
vn -0.6011 0.1132 0.7911
vn -0.0000 -0.7439 -0.6682
vn 0.3359 0.2033 -0.9197
vn 0.2625 -0.1594 -0.9517
vn -0.0000 0.4147 -0.9099
vn 0.2104 -0.2767 -0.9376
vn 0.5300 0.8465 -0.0501
vn 0.3874 0.2522 -0.8867
vn 0.2842 -0.2168 -0.9339
vn -0.3874 0.2522 -0.8867
vn 0.4348 -0.0999 0.8950
vn 0.3561 0.2164 0.9090
vn 0.4423 -0.1637 0.8818
vn 0.8957 -0.2761 0.3487
vn 0.4378 -0.1663 0.8836
vn 0.3770 -0.9259 -0.0231
vn -0.4378 -0.1663 0.8836
vn 0.4587 -0.1358 0.8782
vn 0.9224 0.1332 0.3625
vn 0.9271 0.1444 0.3458
vn 0.3521 0.1865 0.9172
vn 0.2715 0.6792 0.6819
vn -0.0000 -0.0000 -1.0000
vn 0.0969 0.1100 0.9892
vn -0.4730 -0.8811 0.0029
vn 0.2160 0.0842 0.9728
vn 0.3185 -0.8517 0.4161
vn -0.4769 0.1769 0.8610
vn 0.3143 -0.8674 0.3858
vn -0.4846 0.1526 0.8614
vn 0.5273 0.1073 -0.8429
vn 0.5128 0.0609 -0.8563
vn -0.0095 -0.0079 -0.9999
vn 0.2727 -0.9617 -0.0275
vn -0.9279 0.1556 0.3388
vn -0.2898 -0.8906 -0.3506
vn -0.2875 -0.7733 -0.5651
vn 0.3894 -0.9129 0.1221
vn -0.3879 -0.8892 -0.2426
vn 0.0376 -0.0736 -0.9966
vn 0.5601 0.0179 -0.8282
vn 0.5793 0.0899 -0.8102
vn -0.3171 0.8131 0.4882
vn -0.1834 0.8250 0.5345
vn 0.6126 -0.0063 0.7903
vn 0.2107 0.9774 0.0169
vn 0.1475 -0.9530 0.2645
vn 0.8211 0.2909 0.4911
vn -0.4328 0.0718 0.8986
vn 0.8779 0.3938 0.2724
vn 0.3451 -0.9344 -0.0884
vn 0.8817 0.4251 0.2048
vn 0.5323 0.1042 -0.8401
vn 0.3102 -0.8802 0.3592
vn -0.6721 -0.6638 -0.3281
vn 0.5094 0.0516 -0.8590
vn -0.7297 -0.6262 -0.2747
vn -0.9277 0.1728 0.3309
vn -0.7665 -0.6421 0.0106
vn -0.4518 0.1898 0.8717
vn 0.2869 0.9541 0.0858
vn 0.1081 -0.1718 -0.9792
vn -0.4139 -0.8505 -0.3246
vn -0.9279 0.1491 0.3417
vn -0.4028 0.8046 0.4364
vn -0.4764 0.1125 0.8720
vn -0.5946 -0.0077 0.8040
vn -0.5434 -0.7926 -0.2766
vn -0.5425 -0.8147 -0.2047
vn 0.3624 -0.1875 -0.9130
vn -0.5314 -0.8120 -0.2415
vn 0.3769 -0.2244 -0.8986
vn 0.2744 0.9616 -0.0080
vn -0.6354 0.3617 0.6822
vn 0.7406 0.1225 0.6607
vn 0.1903 0.9805 0.0499
vn 0.3238 0.9446 0.0532
vn 0.5417 0.1923 -0.8183
vn 0.8692 0.4936 0.0294
vn 0.8774 0.4703 0.0943
vn -0.2206 -0.0641 0.9733
vn 0.0718 -0.1217 -0.9900
vn 0.0353 -0.2048 -0.9782
vn -0.4884 0.1657 0.8567
vn -0.1920 -0.9790 -0.0681
vn 0.1364 -0.9906 -0.0050
vn -0.7309 -0.6218 -0.2814
vn -0.2544 -0.0844 0.9634
vn 0.5376 0.1738 -0.8251
vn -0.7363 -0.5978 -0.3170
vn -0.4961 0.0784 0.8647
vn -0.6118 0.0097 0.7909
vn 0.1488 0.9882 0.0375
vn 0.1758 0.9844 0.0044
vn 0.4288 -0.2469 -0.8690
vn 0.1356 0.9905 0.0226
vn -0.3212 0.7166 0.6191
vn 0.2219 -0.1113 -0.9687
vn 0.2081 0.9752 -0.0756
vn 0.2404 -0.1427 -0.9601
vn 0.2319 -0.9555 0.1824
vn 0.3141 -0.8678 0.3851
vn 0.7477 0.5053 0.4309
vn 0.3443 -0.9362 0.0703
vn 0.8123 0.5433 0.2121
vn 0.3511 -0.9330 0.0792
vn 0.8131 0.5467 0.2000
vn -0.7229 -0.6480 -0.2397
vn 0.3592 -0.9305 -0.0712
vn 0.3545 -0.9313 0.0837
vn -0.6465 -0.7255 -0.2360
vn 0.3488 -0.9341 0.0762
vn -0.6384 -0.7454 -0.1919
vn 0.2881 0.9553 0.0669
vn 0.7488 0.5059 0.4282
vn 0.2677 0.9635 0.0079
vn 0.8141 0.5519 0.1809
vn 0.2696 0.9628 0.0169
vn 0.8144 0.5545 0.1710
vn -0.1748 -0.9846 0.0013
vn -0.6725 -0.6700 -0.3144
vn -0.0031 -0.9956 -0.0935
vn -0.6487 -0.7191 -0.2492
vn 0.0159 -0.9988 -0.0455
vn -0.6542 -0.6995 -0.2877
vn -0.0366 -0.9976 0.0590
vn 0.6132 -0.0573 -0.7879
vn 0.1258 -0.9909 0.0472
vn 0.5125 0.1297 -0.8488
vn 0.2847 0.9578 0.0402
vn 0.4896 0.1066 -0.8654
vn 0.2559 0.9664 0.0229
vn 0.6632 -0.0141 -0.7483
vn -0.3266 0.5042 0.7994
vn -0.7458 -0.6594 0.0944
vn 0.4473 -0.8351 0.3202
vn 0.8547 0.4273 0.2946
vn 0.4017 -0.6323 -0.6625
vn -0.8131 -0.5749 -0.0913
vn 0.4022 -0.8577 0.3204
vn -0.7856 -0.6156 -0.0621
vn 0.4154 -0.8552 0.3101
vn 0.8636 0.4254 0.2705
vn 0.3903 -0.8597 0.3295
vn -0.3193 0.5032 0.8030
vn 0.4039 -0.8574 0.3191
vn -0.3029 0.4982 0.8124
vn 0.4031 -0.6200 -0.6731
vn 0.4786 0.8777 -0.0242
vn 0.4230 0.9061 -0.0047
vn -0.0000 -0.8923 -0.4515
vn 0.3966 -0.0105 0.9179
vn 0.7818 0.0910 0.6169
vn 0.9012 -0.3892 0.1908
vn 0.8587 0.1094 0.5006
vn -0.0000 -0.9571 0.2897
vn 0.9248 0.1387 0.3543
vn 0.2305 0.6994 0.6766
vn 0.3384 0.1835 0.9229
vn -0.0000 -0.9964 0.0853
vn 0.4404 0.4151 0.7961
vn 0.9252 0.0663 -0.3737
vn 0.3408 0.0345 0.9395
vn -0.3408 0.0345 -0.9395
vn -0.9252 0.0663 0.3737
vn 0.9006 0.2377 -0.3638
vn 0.3383 0.1260 0.9326
vn -0.3410 0.0100 -0.9400
vn -0.9006 0.2377 0.3638
vn 0.8664 0.1290 0.4824
vn 0.8665 0.0985 0.4894
vn 0.8194 0.3250 0.4722
vn 0.3358 0.4131 0.8465
vn 0.9508 0.3054 -0.0515
vn 0.2984 0.4552 0.8389
vn 0.2875 0.9185 0.2715
vn -0.2984 0.4552 0.8389
vn 0.8945 0.3439 -0.2856
vn 0.4928 -0.6714 -0.5535
vn 0.7691 -0.3230 -0.5515
vn 0.8437 0.1852 -0.5038
vn 0.7677 0.4068 -0.4950
vn 0.3009 0.9002 -0.3149
vn 0.2768 0.8979 -0.3424
vn -0.0000 0.3929 -0.9196
vn 0.2213 -0.7603 -0.6107
vn 0.3109 -0.2741 -0.9101
vn -0.2213 -0.7603 -0.6107
vn 0.3432 -0.8520 -0.3953
vn 0.3952 -0.9026 -0.1708
vn 0.3847 -0.9211 -0.0589
vn 0.3169 0.9353 -0.1574
vn 0.3139 0.9414 0.1238
vn -0.4533 0.1303 -0.8818
vn -0.1235 -0.9912 -0.0483
vn -0.4471 0.1779 -0.8766
vn -0.0000 -0.9988 -0.0488
vn -0.4633 0.0465 -0.8850
vn -0.4467 0.1770 -0.8770
vn -0.4475 0.1789 -0.8762
vn 0.3508 0.9304 0.1060
vn 0.4475 0.1789 -0.8762
vn 0.4721 0.2260 0.8521
vn -0.0000 -0.9988 -0.0489
vn 0.5031 0.2602 0.8242
vn 0.3508 0.9304 0.1062
vn -0.5031 0.2602 0.8242
vn 0.6808 0.0102 0.7324
vn 0.6184 0.2767 0.7356
vn 0.6299 0.1755 0.7566
vn -0.1234 -0.9912 -0.0484
vn -0.4674 -0.0000 -0.8841
vn -0.1559 -0.9815 -0.1115
vn 0.4674 -0.0000 0.8841
vn 0.5617 -0.0350 0.8266
vn -0.8909 0.1277 -0.4358
vn -0.3970 0.0452 0.9167
vn -0.8912 0.1272 -0.4353
vn 0.1017 0.9930 0.0596
vn -0.8909 0.1278 -0.4359
vn -0.8906 0.1283 -0.4364
vn 0.8909 -0.1277 0.4358
vn 0.8912 -0.1272 0.4353
vn 0.8909 -0.1278 0.4359
vn 0.8906 -0.1283 0.4364
vn -0.0000 0.3969 -0.9179
vn 0.2060 0.4105 -0.8883
vn 0.7348 0.4454 -0.5115
vn 0.8007 -0.2197 -0.5573
vn -0.0000 0.3243 -0.9460
vn 0.4802 0.2640 -0.8365
vn 0.7338 0.4332 -0.5233
vn 0.3085 0.8287 -0.4670
vn 0.7324 0.4200 -0.5359
vn 0.3267 0.8303 -0.4515
vn 0.3150 0.9339 0.1690
vn 0.7037 0.2390 -0.6691
vn 0.9767 0.1784 -0.1197
vn 0.2683 -0.8987 0.3469
vn 0.7336 0.4312 -0.5253
vn 0.9881 0.1539 -0.0023
vn 0.8432 0.3586 0.4005
vn 0.4386 0.3499 0.8278
vn -0.3035 -0.7637 0.5698
vn 0.8707 0.2971 0.3918
vn 0.4572 0.4121 0.7882
vn 0.8917 0.4079 0.1963
vn 0.3938 0.2194 0.8927
vn 0.3350 -0.8142 0.4741
vn -0.3897 0.2387 0.8895
vn 0.9551 0.2588 0.1443
vn 0.2071 -0.6526 0.7288
vn 0.3087 0.8287 -0.4669
vn 0.3560 0.9048 0.2335
vn -0.3087 0.8287 -0.4669
vn 0.2869 0.8262 -0.4848
vn -0.0000 0.3746 -0.9272
vn 0.7475 0.0873 -0.6585
vn 0.9993 -0.0312 0.0215
vn 0.9764 0.2016 -0.0769
vn -0.0000 -0.9097 0.4153
vn 0.9749 0.2144 -0.0608
vn 0.6249 0.1181 -0.7717
vn -0.0000 0.2988 -0.9543
vn 0.9965 0.0309 0.0772
vn -0.0000 -0.1715 -0.9852
vn 0.9986 0.0330 -0.0416
vn 0.9775 0.1832 -0.1050
vn 0.0602 -0.1623 0.9849
vn 0.9971 0.0539 -0.0540
vn 0.9996 -0.0243 -0.0106
vn -0.0000 0.0032 1.0000
vn 0.3103 0.9377 0.1563
vn 0.6344 0.0508 0.7713
vn 0.3894 -0.6444 0.6581
vn 0.7312 0.0889 0.6763
vn -0.0849 0.7156 0.6934
vn -0.7113 0.6105 0.3484
vn 0.2290 -0.0879 0.9695
vn -0.0000 0.7442 0.6680
vn -0.7396 0.3425 0.5794
vn 0.4661 0.8847 -0.0112
vn 0.6978 -0.0598 0.7138
vn 0.1531 0.2580 0.9539
vn 0.1903 0.9732 0.1288
vn 0.3576 0.9339 -0.0067
vn -0.2280 0.6889 0.6881
vn -0.7728 0.6324 0.0536
vn -0.0000 0.5634 0.8262
vn 0.1688 0.2369 0.9568
vn -0.7722 0.6331 0.0534
vn -0.2339 0.7323 0.6395
vn 0.9914 0.1171 0.0579
vn -0.0000 0.6130 0.7901
vn 0.4285 0.1368 -0.8931
vn 0.0952 -0.2559 0.9620
vn 0.4288 0.1366 -0.8930
vn 0.4319 0.1333 -0.8920
vn 0.1213 -0.6867 0.7168
vn -0.0343 0.1428 0.9892
vn 0.2936 -0.9466 0.1330
vn 0.3317 -0.8409 0.4276
vn -0.0000 0.2269 0.9739
vn -0.0000 -0.0555 -0.9985
vn -0.0000 -0.0733 0.9973
vn 0.0472 -0.1612 0.9858
vn 0.3009 -0.8839 0.3580
vn -0.0000 -0.9562 -0.2927
vn 0.1275 -0.9307 -0.3429
vn -0.7370 -0.1488 0.6593
vn 0.1451 -0.8974 -0.4166
vn 0.2441 -0.9088 0.3384
vn -0.7772 -0.1747 0.6045
vn -0.2330 -0.2616 0.9366
vn -0.8414 -0.2208 0.4932
vn -0.8836 -0.4385 0.1639
vn -0.3409 -0.5219 0.7819
vn -0.3091 0.0612 0.9491
vn -0.8899 -0.4248 0.1660
vn -0.2112 0.4702 0.8569
vn -0.3383 -0.5308 0.7770
vn -0.7063 0.6268 -0.3290
vn -0.1290 -0.4219 -0.8974
vn -0.2069 0.6049 -0.7690
vn -0.6946 0.6439 -0.3209
vn -0.2946 -0.7517 -0.5900
vn -0.7904 0.4847 0.3747
vn -0.7735 0.5093 -0.3773
vn -0.8048 -0.5629 0.1882
vn -0.7622 0.5344 0.3654
vn -0.2103 0.4809 0.8512
vn -0.9279 -0.3209 0.1898
vn 0.1161 -0.9152 -0.3860
vn -0.8177 0.0016 0.5756
vn 0.1941 -0.9634 -0.1849
vn -0.8471 0.1164 0.5186
vn -0.1392 0.1684 0.9758
vn 0.7458 0.3591 0.5610
vn -0.7860 0.4928 0.3733
vn -0.9238 -0.3388 0.1781
vn -0.7822 0.4908 -0.3838
vn -0.6971 -0.3810 -0.6073
vn -0.1290 -0.4215 -0.8976
vn -0.2160 0.2914 -0.9319
vn -0.7413 -0.2318 -0.6299
vn -0.9187 -0.3536 0.1762
vn -0.8818 0.2565 0.3957
vn -0.2328 0.3039 0.9238
vn 0.5996 0.2267 0.7675
vn -0.8102 0.2319 -0.5384
vn -0.8722 0.1976 0.4475
vn -0.8168 0.0712 0.5726
vn -0.2046 0.1706 0.9638
vn -0.9373 0.2051 0.2818
vn -0.2278 -0.2959 -0.9277
vn -0.1264 -0.9828 0.1350
vn -0.4430 0.3058 -0.8428
vn -0.4074 0.2713 -0.8720
vn -0.9204 0.1504 0.3609
vn -0.7676 -0.6134 0.1858
vn 0.1567 -0.9808 0.1164
vn -0.1796 0.0576 -0.9821
vn -0.2104 -0.2767 -0.9376
vn -0.5300 0.8465 -0.0501
vn -0.4423 -0.1637 0.8818
vn -0.8957 -0.2761 0.3487
vn -0.4587 -0.1358 0.8782
vn -0.9224 0.1332 0.3625
vn -0.9271 0.1444 0.3458
vn -0.3521 0.1865 0.9172
vn -0.2715 0.6792 0.6819
vn -0.0969 0.1100 0.9892
vn 0.4730 -0.8811 0.0029
vn -0.2160 0.0842 0.9728
vn -0.3185 -0.8517 0.4161
vn 0.4769 0.1769 0.8610
vn -0.3143 -0.8674 0.3858
vn 0.4846 0.1526 0.8614
vn -0.5273 0.1073 -0.8429
vn -0.5128 0.0609 -0.8563
vn 0.0095 -0.0079 -0.9999
vn -0.2727 -0.9617 -0.0275
vn 0.9279 0.1556 0.3388
vn 0.2898 -0.8906 -0.3506
vn 0.2875 -0.7733 -0.5651
vn -0.3894 -0.9129 0.1221
vn 0.3879 -0.8892 -0.2426
vn -0.0376 -0.0736 -0.9966
vn -0.5601 0.0179 -0.8282
vn -0.5793 0.0899 -0.8102
vn 0.3171 0.8131 0.4882
vn 0.1834 0.8250 0.5345
vn -0.6126 -0.0063 0.7903
vn -0.2107 0.9774 0.0169
vn -0.1475 -0.9530 0.2645
vn -0.8211 0.2909 0.4911
vn 0.4328 0.0718 0.8986
vn -0.8779 0.3938 0.2724
vn -0.3451 -0.9344 -0.0884
vn -0.8817 0.4251 0.2048
vn -0.5323 0.1042 -0.8401
vn -0.3102 -0.8802 0.3592
vn 0.6721 -0.6638 -0.3281
vn -0.5094 0.0516 -0.8590
vn 0.7297 -0.6262 -0.2747
vn 0.9277 0.1728 0.3309
vn 0.7665 -0.6421 0.0106
vn 0.4518 0.1898 0.8717
vn -0.2868 0.9541 0.0858
vn -0.1081 -0.1718 -0.9792
vn 0.4139 -0.8505 -0.3246
vn 0.9279 0.1491 0.3417
vn 0.4028 0.8046 0.4364
vn 0.4764 0.1125 0.8720
vn 0.5946 -0.0077 0.8040
vn 0.5434 -0.7926 -0.2766
vn 0.5425 -0.8147 -0.2047
vn -0.3624 -0.1875 -0.9130
vn 0.5314 -0.8120 -0.2415
vn -0.3769 -0.2244 -0.8986
vn -0.2744 0.9616 -0.0080
vn 0.6354 0.3617 0.6822
vn -0.7406 0.1225 0.6607
vn -0.1903 0.9805 0.0499
vn -0.3238 0.9446 0.0532
vn -0.5417 0.1923 -0.8183
vn -0.8692 0.4936 0.0294
vn -0.8774 0.4703 0.0943
vn 0.2206 -0.0641 0.9733
vn -0.0718 -0.1217 -0.9900
vn -0.0353 -0.2048 -0.9782
vn 0.4884 0.1657 0.8567
vn 0.1920 -0.9790 -0.0681
vn -0.1364 -0.9906 -0.0050
vn 0.7309 -0.6218 -0.2814
vn 0.2544 -0.0844 0.9634
vn -0.5376 0.1738 -0.8251
vn 0.7363 -0.5978 -0.3170
vn 0.4961 0.0784 0.8647
vn 0.6118 0.0097 0.7909
vn -0.1488 0.9882 0.0375
vn -0.1758 0.9844 0.0044
vn -0.4288 -0.2469 -0.8690
vn -0.1356 0.9905 0.0226
vn 0.3212 0.7166 0.6191
vn -0.2219 -0.1113 -0.9687
vn -0.2081 0.9752 -0.0756
vn -0.2404 -0.1427 -0.9601
vn -0.2319 -0.9555 0.1824
vn -0.3141 -0.8678 0.3851
vn -0.7477 0.5053 0.4309
vn -0.3443 -0.9362 0.0703
vn -0.8123 0.5433 0.2121
vn -0.3511 -0.9330 0.0792
vn -0.8131 0.5467 0.2000
vn 0.7229 -0.6481 -0.2397
vn -0.3592 -0.9305 -0.0712
vn -0.3545 -0.9313 0.0837
vn 0.6465 -0.7255 -0.2360
vn -0.3488 -0.9341 0.0762
vn 0.6384 -0.7454 -0.1920
vn -0.2881 0.9553 0.0669
vn -0.7488 0.5059 0.4282
vn -0.2677 0.9635 0.0079
vn -0.8141 0.5519 0.1809
vn -0.2696 0.9628 0.0169
vn -0.8144 0.5545 0.1710
vn 0.1748 -0.9846 0.0013
vn 0.6725 -0.6700 -0.3144
vn 0.0031 -0.9956 -0.0935
vn 0.6487 -0.7191 -0.2492
vn -0.0159 -0.9988 -0.0455
vn 0.6542 -0.6995 -0.2877
vn 0.0366 -0.9976 0.0590
vn -0.6132 -0.0573 -0.7879
vn -0.1258 -0.9909 0.0472
vn -0.5125 0.1297 -0.8488
vn -0.2847 0.9578 0.0402
vn -0.4896 0.1066 -0.8654
vn -0.2559 0.9664 0.0229
vn -0.6632 -0.0141 -0.7483
vn 0.3266 0.5042 0.7994
vn 0.7458 -0.6594 0.0944
vn -0.4473 -0.8351 0.3202
vn -0.8547 0.4273 0.2946
vn -0.4017 -0.6323 -0.6625
vn 0.8131 -0.5749 -0.0913
vn -0.4022 -0.8577 0.3204
vn 0.7856 -0.6156 -0.0621
vn -0.4154 -0.8552 0.3101
vn -0.8636 0.4254 0.2705
vn -0.3903 -0.8597 0.3295
vn 0.3193 0.5032 0.8030
vn -0.4039 -0.8574 0.3191
vn 0.3029 0.4982 0.8124
vn -0.4031 -0.6200 -0.6731
vn -0.4786 0.8777 -0.0242
vn -0.4230 0.9061 -0.0047
vn -0.7818 0.0910 0.6169
vn -0.9012 -0.3892 0.1908
vn -0.8587 0.1094 0.5006
vn -0.9248 0.1387 0.3543
vn -0.9252 0.0663 -0.3737
vn -0.3408 0.0345 0.9395
vn 0.3408 0.0345 -0.9395
vn 0.9252 0.0663 0.3737
vn -0.9006 0.2377 -0.3638
vn -0.3383 0.1260 0.9326
vn 0.3410 0.0100 -0.9400
vn 0.9006 0.2377 0.3638
vn -0.8664 0.1290 0.4824
vn -0.8665 0.0985 0.4894
vn -0.8194 0.3250 0.4722
vn -0.3358 0.4131 0.8465
vn -0.9508 0.3054 -0.0515
vn -0.8945 0.3439 -0.2856
vn -0.4928 -0.6714 -0.5535
vn -0.7691 -0.3230 -0.5515
vn -0.8437 0.1852 -0.5038
vn -0.7677 0.4068 -0.4950
vn -0.3009 0.9002 -0.3149
vn 0.4533 0.1303 -0.8818
vn 0.1235 -0.9912 -0.0483
vn 0.4633 0.0465 -0.8850
vn 0.4467 0.1770 -0.8770
vn -0.6808 0.0102 0.7324
vn -0.6184 0.2767 0.7356
vn -0.6299 0.1755 0.7566
vn 0.1234 -0.9912 -0.0484
vn 0.4674 -0.0000 -0.8841
vn 0.1559 -0.9815 -0.1115
vn -0.4674 -0.0000 0.8841
vn -0.5617 -0.0350 0.8266
vn 0.8909 0.1277 -0.4358
vn 0.3970 0.0452 0.9167
vn 0.8912 0.1272 -0.4353
vn -0.1017 0.9930 0.0596
vn 0.8909 0.1278 -0.4359
vn 0.8906 0.1283 -0.4364
vn -0.8909 -0.1277 0.4358
vn -0.8912 -0.1272 0.4353
vn -0.8909 -0.1278 0.4359
vn -0.8906 -0.1283 0.4364
vn -0.2060 0.4105 -0.8883
vn -0.7348 0.4454 -0.5115
vn -0.8007 -0.2197 -0.5573
vn -0.4802 0.2640 -0.8365
vn -0.7338 0.4332 -0.5233
vn -0.3085 0.8287 -0.4670
vn -0.7324 0.4200 -0.5359
vn -0.3267 0.8303 -0.4515
vn -0.3150 0.9339 0.1690
vn -0.7037 0.2390 -0.6691
vn -0.9767 0.1784 -0.1197
vn -0.2683 -0.8987 0.3469
vn -0.7336 0.4312 -0.5253
vn -0.9881 0.1539 -0.0023
vn -0.8432 0.3586 0.4006
vn -0.4289 0.3575 0.8296
vn 0.3035 -0.7637 0.5698
vn -0.8707 0.2971 0.3918
vn -0.4451 0.4131 0.7945
vn 0.4060 0.2529 0.8782
vn -0.4003 0.2691 0.8760
vn 0.2856 0.9512 0.1171
vn -0.8917 0.4079 0.1963
vn -0.9551 0.2588 0.1443
vn -0.2071 -0.6526 0.7288
vn -0.8989 -0.1330 0.4175
vn -0.8050 0.1124 0.5825
vn -0.2222 -0.1537 0.9628
vn 0.8866 0.3902 0.2483
vn -0.8186 -0.1333 -0.5587
vn -0.8229 0.5258 -0.2155
vn 0.9470 -0.1316 0.2931
vn 0.2887 0.5087 -0.8111
vn 0.9192 -0.2713 0.2853
vn 0.1812 0.1741 -0.9679
vn 0.1983 0.4334 -0.8791
vn -0.8209 0.4510 -0.3502
vn 0.2311 0.4604 -0.8571
vn 0.9673 0.2439 0.0692
vn 0.9049 -0.3142 0.2872
vn 0.8636 0.2015 -0.4621
vn 0.1898 -0.0839 0.9782
vn 0.8714 0.2172 -0.4399
vn -0.3681 0.4348 -0.8219
vn 0.9449 -0.1129 0.3072
vn 0.0057 0.6804 0.7328
vn -0.2033 -0.1405 0.9690
vn 0.2822 0.5014 -0.8179
vn 0.9413 0.2889 0.1744
vn 0.1257 0.8939 0.4302
vn 0.9597 0.1187 0.2546
vn -0.1092 0.9449 0.3086
vn -0.0242 0.8821 0.4704
vn -0.8741 0.4303 -0.2255
vn -0.1780 0.9196 0.3501
vn 0.2357 0.4642 -0.8538
vn -0.8359 0.4818 -0.2630
vn 0.2340 0.6219 -0.7474
vn 0.2019 0.2036 -0.9580
vn -0.9477 0.2629 -0.1809
vn 0.8680 0.0821 -0.4897
vn -0.8057 0.1081 0.5823
vn -0.3334 0.3928 -0.8571
vn 0.7146 0.5921 0.3726
vn -0.7935 0.5937 -0.1337
vn 0.6949 0.6125 0.3767
vn -0.7945 0.5919 -0.1360
vn -0.9519 0.0364 0.3043
vn -0.8828 0.0043 0.4697
vn 0.3667 -0.2271 0.9022
vn -0.8635 -0.0393 0.5028
vn -0.8840 0.1186 0.4521
vn 0.5341 -0.2685 0.8017
vn -0.4318 0.1780 -0.8842
vn 0.6506 -0.1947 0.7341
vn -0.8277 0.0099 0.5611
vn -0.7622 0.0552 0.6449
vn -0.8033 0.0181 0.5953
vn -0.5422 0.1254 -0.8309
vn -0.4284 -0.2987 0.8528
vn 0.7730 0.2060 0.6000
vn -0.4085 -0.2704 0.8718
vn -0.1503 -0.9130 0.3793
vn -0.4020 -0.2611 0.8776
vn 0.0054 0.9985 0.0552
vn -0.3889 -0.2429 0.8887
vn -0.3215 -0.7428 0.5873
vn -0.2471 -0.7375 0.6285
vn 0.5139 0.6770 0.5269
vn 0.0288 0.9900 -0.1380
vn -0.8285 0.5505 -0.1025
vn -0.7701 0.6183 -0.1568
vn -0.1242 -0.0684 0.9899
vn -0.1558 -0.9873 0.0297
vn -0.6069 0.7768 -0.1683
vn -0.1422 -0.9870 -0.0753
vn -0.8582 0.4024 -0.3188
vn -0.0358 -0.9992 -0.0181
vn 0.3577 0.5392 -0.7624
vn -0.1238 -0.9922 0.0166
vn -0.0165 0.6541 0.7562
vn -0.7475 0.0873 -0.6585
vn -0.9993 -0.0312 0.0215
vn -0.9764 0.2016 -0.0769
vn -0.9749 0.2144 -0.0608
vn -0.6249 0.1181 -0.7717
vn -0.9965 0.0309 0.0772
vn -0.9986 0.0330 -0.0416
vn -0.9775 0.1832 -0.1050
vn -0.0602 -0.1623 0.9849
vn -0.9971 0.0539 -0.0540
vn -0.9996 -0.0243 -0.0106
vn -0.6344 0.0508 0.7713
vn -0.3894 -0.6444 0.6581
vn -0.7312 0.0889 0.6763
vn 0.0849 0.7156 0.6934
vn 0.7113 0.6105 0.3484
vn -0.2290 -0.0879 0.9695
vn 0.7396 0.3425 0.5794
vn -0.4661 0.8847 -0.0112
vn -0.6978 -0.0598 0.7138
vn -0.1531 0.2580 0.9539
vn -0.1903 0.9732 0.1288
vn -0.3576 0.9339 -0.0067
vn 0.2280 0.6889 0.6881
vn 0.7728 0.6324 0.0536
vn -0.1688 0.2369 0.9568
vn 0.7722 0.6331 0.0534
vn 0.2339 0.7323 0.6395
vn -0.9914 0.1171 0.0579
vn -0.0952 -0.2559 0.9620
vn -0.4288 0.1366 -0.8930
vn -0.1213 -0.6867 0.7168
vn 0.0343 0.1428 0.9892
vn -0.2936 -0.9466 0.1330
vn -0.0472 -0.1612 0.9858
vn -0.3009 -0.8839 0.3580
vn -0.1275 -0.9307 -0.3429
vn 0.7370 -0.1488 0.6593
vn -0.1451 -0.8974 -0.4166
vn -0.2441 -0.9088 0.3384
vn 0.7772 -0.1747 0.6045
vn 0.2330 -0.2616 0.9366
vn 0.8414 -0.2208 0.4932
vn 0.8989 -0.1330 0.4175
vn 0.8050 0.1124 0.5825
vn 0.2221 -0.1537 0.9628
vn -0.8866 0.3902 0.2483
vn 0.8186 -0.1333 -0.5587
vn 0.8229 0.5258 -0.2155
vn -0.9470 -0.1316 0.2931
vn -0.2887 0.5087 -0.8111
vn -0.9192 -0.2713 0.2853
vn -0.1812 0.1741 -0.9679
vn -0.1983 0.4334 -0.8791
vn 0.8209 0.4510 -0.3502
vn -0.2311 0.4604 -0.8571
vn -0.9673 0.2439 0.0692
vn -0.9049 -0.3142 0.2872
vn -0.8636 0.2015 -0.4621
vn -0.1898 -0.0839 0.9782
vn -0.8714 0.2172 -0.4399
vn 0.3681 0.4348 -0.8219
vn -0.9449 -0.1129 0.3072
vn -0.0057 0.6804 0.7328
vn 0.2033 -0.1405 0.9690
vn -0.2822 0.5014 -0.8179
vn -0.9413 0.2889 0.1744
vn -0.1257 0.8939 0.4302
vn -0.9597 0.1187 0.2546
vn 0.1092 0.9449 0.3086
vn 0.0242 0.8821 0.4704
vn 0.8741 0.4303 -0.2255
vn 0.1780 0.9196 0.3501
vn -0.2357 0.4642 -0.8538
vn 0.8359 0.4818 -0.2630
vn -0.2340 0.6219 -0.7474
vn -0.2019 0.2036 -0.9580
vn 0.9477 0.2629 -0.1809
vn -0.8680 0.0821 -0.4897
vn 0.8057 0.1081 0.5823
vn 0.3334 0.3928 -0.8571
vn -0.7146 0.5921 0.3726
vn 0.7935 0.5937 -0.1337
vn -0.6949 0.6125 0.3767
vn 0.7945 0.5919 -0.1360
vn 0.9519 0.0364 0.3043
vn 0.8828 0.0043 0.4697
vn -0.3667 -0.2271 0.9022
vn 0.8635 -0.0393 0.5028
vn 0.8840 0.1186 0.4521
vn -0.5341 -0.2685 0.8017
vn 0.4318 0.1780 -0.8842
vn -0.6506 -0.1947 0.7341
vn 0.8277 0.0099 0.5611
vn 0.7622 0.0552 0.6449
vn 0.8033 0.0181 0.5953
vn 0.5422 0.1254 -0.8309
vn 0.4284 -0.2987 0.8528
vn -0.7730 0.2060 0.6000
vn 0.4085 -0.2704 0.8718
vn 0.1503 -0.9130 0.3793
vn 0.4020 -0.2611 0.8776
vn -0.0054 0.9985 0.0552
vn 0.3889 -0.2429 0.8887
vn 0.3215 -0.7428 0.5873
vn 0.2471 -0.7375 0.6285
vn -0.5139 0.6770 0.5269
vn -0.0288 0.9900 -0.1380
vn 0.8285 0.5505 -0.1025
vn 0.7701 0.6183 -0.1568
vn 0.1242 -0.0684 0.9899
vn 0.1558 -0.9873 0.0297
vn 0.6069 0.7768 -0.1683
vn 0.1422 -0.9870 -0.0753
vn 0.8582 0.4024 -0.3188
vn 0.0358 -0.9992 -0.0181
vn -0.3577 0.5392 -0.7624
vn 0.1238 -0.9922 0.0166
vn 0.0165 0.6541 0.7562
vt 0.596965 0.059203
vt 0.640204 0.010520
vt 0.639056 0.061822
vt 0.405819 0.562461
vt 0.430817 0.617263
vt 0.352935 0.617263
vt 0.308401 0.611884
vt 0.322883 0.565498
vt 0.330694 0.246026
vt 0.378697 0.283697
vt 0.304501 0.282207
vt 0.480415 0.621099
vt 0.493044 0.568002
vt 0.505870 0.613138
vt 0.368472 0.535464
vt 0.074880 0.107841
vt 0.128365 0.070246
vt 0.130544 0.119125
vt 0.088129 0.048027
vt 0.455666 0.356850
vt 0.503139 0.343956
vt 0.506987 0.356467
vt 0.876246 0.889291
vt 0.909976 0.878507
vt 0.912146 0.888902
vt 0.688435 0.599596
vt 0.725143 0.644459
vt 0.680743 0.648893
vt 0.413937 0.364034
vt 0.456811 0.368418
vt 0.725143 0.598015
vt 0.687668 0.544092
vt 0.723028 0.537739
vt 0.423373 0.733169
vt 0.383630 0.767722
vt 0.389418 0.728170
vt 0.070548 0.170244
vt 0.045667 0.123763
vt 0.411551 0.353279
vt 0.454262 0.346864
vt 0.599209 0.096586
vt 0.634397 0.102646
vt 0.427329 0.645641
vt 0.430817 0.699503
vt 0.397540 0.691100
vt 0.834964 0.898028
vt 0.829484 0.888129
vt 0.331268 0.228989
vt 0.372294 0.238826
vt 0.130544 0.051888
vt 0.091055 0.032691
vt 0.649702 0.553020
vt 0.651142 0.602992
vt 0.546731 0.053663
vt 0.590769 0.011518
vt 0.305104 0.337150
vt 0.386714 0.315054
vt 0.873857 0.880053
vt 0.829532 0.878507
vt 0.480415 0.567960
vt 0.480415 0.549041
vt 0.554936 0.090839
vt 0.281567 0.239225
vt 0.879292 0.899197
vt 0.911892 0.896997
vt 0.287295 0.222891
vt 0.782085 0.346704
vt 0.791070 0.367462
vt 0.781358 0.369508
vt 0.492528 0.451395
vt 0.518856 0.399047
vt 0.530262 0.440116
vt 0.931130 0.392438
vt 0.908747 0.431809
vt 0.916216 0.390675
vt 0.811148 0.326090
vt 0.787577 0.346339
vt 0.790750 0.321049
vt 0.688190 0.362602
vt 0.676952 0.350303
vt 0.687994 0.348835
vt 0.528713 0.957131
vt 0.516243 0.962917
vt 0.516243 0.955636
vt 0.165232 0.792694
vt 0.154233 0.802077
vt 0.154935 0.792822
vt 0.521982 0.972613
vt 0.730988 0.346209
vt 0.713240 0.363729
vt 0.708755 0.341706
vt 0.696715 0.363577
vt 0.692529 0.347051
vt 0.662060 0.344800
vt 0.674247 0.360364
vt 0.568410 0.128101
vt 0.602798 0.163525
vt 0.564813 0.176056
vt 0.364875 0.655774
vt 0.375076 0.691108
vt 0.362155 0.692141
vt 0.590331 0.609318
vt 0.555002 0.618689
vt 0.551302 0.601146
vt 0.220211 0.813270
vt 0.242016 0.804255
vt 0.240029 0.814960
vt 0.600861 0.632043
vt 0.568684 0.664317
vt 0.562799 0.642390
vt 0.183871 0.826391
vt 0.171376 0.838975
vt 0.168911 0.828455
vt 0.372803 0.894451
vt 0.395908 0.883030
vt 0.392415 0.896859
vt 0.408629 0.888449
vt 0.202258 0.809895
vt 0.221458 0.796610
vt 0.326358 0.720543
vt 0.361169 0.758676
vt 0.328002 0.774095
vt 0.407668 0.656992
vt 0.546376 0.123686
vt 0.535736 0.185402
vt 0.194880 0.826204
vt 0.183464 0.839387
vt 0.593903 0.569479
vt 0.554833 0.567882
vt 0.733092 0.162838
vt 0.746349 0.174060
vt 0.735839 0.177265
vt 0.627665 0.166522
vt 0.628813 0.133987
vt 0.661566 0.185402
vt 0.027995 0.977467
vt 0.010520 0.974503
vt 0.027411 0.962308
vt 0.311677 0.699503
vt 0.332355 0.647938
vt 0.334382 0.696539
vt 0.557251 0.537739
vt 0.599229 0.539405
vt 0.303692 0.723792
vt 0.712863 0.148457
vt 0.694313 0.137275
vt 0.714065 0.138073
vt 0.159656 0.808093
vt 0.152765 0.820204
vt 0.151584 0.810448
vt 0.832188 0.361113
vt 0.878514 0.300245
vt 0.888727 0.361113
vt 0.045399 0.964723
vt 0.049984 0.982689
vt 0.042141 0.980575
vt 0.367224 0.724693
vt 0.354301 0.723687
vt 0.715147 0.174318
vt 0.718548 0.182782
vt 0.200840 0.827074
vt 0.194311 0.841086
vt 0.164611 0.838619
vt 0.162919 0.830198
vt 0.200557 0.792694
vt 0.194710 0.809160
vt 0.192436 0.793777
vt 0.730345 0.148411
vt 0.710995 0.153349
vt 0.711876 0.166928
vt 0.412426 0.882016
vt 0.403409 0.871130
vt 0.762320 0.168079
vt 0.768853 0.125059
vt 0.778517 0.157241
vt 0.695457 0.183645
vt 0.686284 0.158647
vt 0.735167 0.129977
vt 0.750449 0.123686
vt 0.727582 0.133988
vt 0.179480 0.807644
vt 0.177851 0.792964
vt 0.180002 0.824484
vt 0.178270 0.807748
vt 0.215668 0.844179
vt 0.217779 0.828764
vt 0.164450 0.804683
vt 0.160962 0.822033
vt 0.237300 0.837287
vt 0.238568 0.825829
vt 0.971420 0.111398
vt 0.972225 0.090643
vt 0.979252 0.098384
vt 0.956913 0.127446
vt 0.956913 0.106144
vt 0.385884 0.942779
vt 0.387172 0.920777
vt 0.399115 0.932735
vt 0.372802 0.936912
vt 0.381104 0.960902
vt 0.372802 0.962556
vt 0.835485 0.965575
vt 0.851475 0.983986
vt 0.829484 0.971531
vt 0.853590 0.972337
vt 0.871173 0.980701
vt 0.986796 0.359804
vt 0.970003 0.357168
vt 0.975648 0.346337
vt 0.954868 0.346337
vt 0.955363 0.352649
vt 0.372802 0.874907
vt 0.954814 0.511856
vt 0.954814 0.490527
vt 0.962490 0.503886
vt 0.518283 0.945884
vt 0.528663 0.946693
vt 0.964868 0.487723
vt 0.970854 0.498851
vt 0.419559 0.874697
vt 0.611040 0.945946
vt 0.623054 0.937598
vt 0.623340 0.947466
vt 0.420068 0.859738
vt 0.426604 0.867434
vt 0.979627 0.482839
vt 0.975922 0.494879
vt 0.971030 0.485768
vt 0.614493 0.930166
vt 0.623340 0.927799
vt 0.527869 0.940277
vt 0.604661 0.972217
vt 0.600916 0.950413
vt 0.382791 0.655078
vt 0.530262 0.492933
vt 0.782903 0.321038
vt 0.783618 0.298637
vt 0.800046 0.299686
vt 0.961207 0.753955
vt 0.969356 0.740385
vt 0.968386 0.754708
vt 0.982295 0.754708
vt 0.987562 0.739781
vt 0.989480 0.754007
vt 0.640050 0.368585
vt 0.627111 0.354263
vt 0.641020 0.354263
vt 0.968645 0.761921
vt 0.981361 0.740385
vt 0.969579 0.734159
vt 0.981584 0.734159
vt 0.665244 0.125989
vt 0.451857 0.948113
vt 0.461254 0.943006
vt 0.459270 0.951021
vt 0.487718 0.951021
vt 0.485807 0.943006
vt 0.495203 0.948302
vt 0.604012 0.368418
vt 0.577515 0.360465
vt 0.605962 0.360465
vt 0.459556 0.958980
vt 0.461501 0.936137
vt 0.486053 0.936137
vt 0.525177 0.257356
vt 0.495331 0.223905
vt 0.538503 0.224423
vt 0.491022 0.492511
vt 0.525020 0.523782
vt 0.489722 0.528001
vt 0.440525 0.251841
vt 0.411551 0.227874
vt 0.442024 0.219454
vt 0.491359 0.254928
vt 0.441311 0.291121
vt 0.411950 0.286812
vt 0.412233 0.253958
vt 0.492229 0.290363
vt 0.441434 0.322023
vt 0.411551 0.316061
vt 0.513217 0.316572
vt 0.496726 0.318495
vt 0.697707 0.287460
vt 0.665827 0.234607
vt 0.697707 0.235448
vt 0.706620 0.068827
vt 0.664088 0.036051
vt 0.707942 0.039107
vt 0.044516 0.697077
vt 0.063030 0.651983
vt 0.077219 0.688478
vt 0.010520 0.681137
vt 0.010520 0.706016
vt 0.098108 0.658472
vt 0.680163 0.012966
vt 0.671823 0.090709
vt 0.661244 0.067960
vt 0.672909 0.219454
vt 0.669474 0.316273
vt 0.662060 0.288766
vt 0.099352 0.682658
vt 0.113859 0.678843
vt 0.868105 0.944535
vt 0.875521 0.924390
vt 0.887060 0.936279
vt 0.845508 0.944535
vt 0.860513 0.934464
vt 0.836057 0.920237
vt 0.669511 0.944870
vt 0.664672 0.921110
vt 0.677617 0.925833
vt 0.678606 0.903258
vt 0.655007 0.892175
vt 0.659856 0.885918
vt 0.018436 0.929129
vt 0.013109 0.923989
vt 0.021026 0.923989
vt 0.062465 0.941267
vt 0.051148 0.928811
vt 0.069216 0.929747
vt 0.930620 0.205140
vt 0.933485 0.230514
vt 0.925010 0.206422
vt 0.935469 0.251536
vt 0.939095 0.229232
vt 0.044413 0.940341
vt 0.930616 0.271633
vt 0.929859 0.252818
vt 0.981636 0.180292
vt 0.958674 0.156038
vt 0.981636 0.148487
vt 0.934442 0.808713
vt 0.908864 0.787236
vt 0.940613 0.785342
vt 0.429391 0.920899
vt 0.420155 0.952581
vt 0.420155 0.920777
vt 0.899636 0.811632
vt 0.899636 0.786865
vt 0.910177 0.821145
vt 0.935755 0.817856
vt 0.943465 0.810687
vt 0.949636 0.787316
vt 0.268199 0.390675
vt 0.273643 0.446985
vt 0.241679 0.430749
vt 0.151584 0.448771
vt 0.178157 0.467074
vt 0.151584 0.458989
vt 0.010520 0.892019
vt 0.049774 0.879601
vt 0.049125 0.902949
vt 0.520949 0.293839
vt 0.227974 0.456034
vt 0.235776 0.502165
vt 0.203889 0.486813
vt 0.682778 0.434712
vt 0.645894 0.396644
vt 0.682802 0.390675
vt 0.010520 0.475971
vt 0.055726 0.460324
vt 0.038220 0.502879
vt 0.085484 0.472159
vt 0.096794 0.516194
vt 0.068196 0.517777
vt 0.682762 0.463828
vt 0.653220 0.492827
vt 0.645894 0.464135
vt 0.899154 0.729564
vt 0.882029 0.707091
vt 0.901564 0.698697
vt 0.901564 0.747729
vt 0.889598 0.734406
vt 0.244465 0.391588
vt 0.217443 0.438903
vt 0.225158 0.423195
vt 0.188750 0.437102
vt 0.264633 0.474840
vt 0.019866 0.204607
vt 0.035442 0.161574
vt 0.052411 0.079725
vt 0.056126 0.038284
vt 0.043734 0.079725
vt 0.026045 0.122765
vt 0.032579 0.077795
vt 0.036990 0.123763
vt 0.016370 0.151326
vt 0.026765 0.161574
vt 0.001843 0.186951
vt 0.508544 0.660036
vt 0.047449 0.038284
vt 0.041472 0.034714
vt 0.038507 0.010520
vt 0.480415 0.675004
vt 0.480415 0.652924
vt 0.825596 0.121496
vt 0.799557 0.096888
vt 0.833195 0.090643
vt 0.391378 0.370126
vt 0.351443 0.363965
vt 0.391378 0.356502
vt 0.068850 0.222025
vt 0.350575 0.353553
vt 0.830737 0.157818
vt 0.801920 0.121840
vt 0.831716 0.190366
vt 0.799557 0.163841
vt 0.090614 0.281507
vt 0.059585 0.262094
vt 0.063960 0.252262
vt 0.092712 0.319697
vt 0.080893 0.285739
vt 0.895276 0.685357
vt 0.931356 0.130325
vt 0.921418 0.148618
vt 0.918877 0.131158
vt 0.269587 0.822958
vt 0.277973 0.840813
vt 0.265466 0.840813
vt 0.039245 0.251582
vt 0.038142 0.261139
vt 0.933898 0.147785
vt 0.923394 0.166050
vt 0.010520 0.257715
vt 0.012210 0.243065
vt 0.924663 0.090643
vt 0.935873 0.093911
vt 0.277803 0.792694
vt 0.279208 0.822958
vt 0.836139 0.685357
vt 0.845795 0.708235
vt 0.828713 0.694775
vt 0.797232 0.685357
vt 0.798714 0.692772
vt 0.791065 0.277597
vt 0.758097 0.261939
vt 0.791065 0.268508
vt 0.798104 0.736596
vt 0.823957 0.744177
vt 0.791065 0.222140
vt 0.756000 0.219454
vt 0.837429 0.748858
vt 0.129229 0.887954
vt 0.112246 0.909789
vt 0.109677 0.879601
vt 0.121736 0.914760
vt 0.109677 0.927501
vt 0.010520 0.538817
vt 0.053759 0.587500
vt 0.011668 0.590119
vt 0.242372 0.583953
vt 0.196442 0.523205
vt 0.273762 0.532545
vt 0.160398 0.570993
vt 0.151584 0.523205
vt 0.163398 0.283697
vt 0.211401 0.246026
vt 0.237594 0.282207
vt 0.467787 0.568001
vt 0.202057 0.606277
vt 0.205127 0.087132
vt 0.151584 0.068187
vt 0.178587 0.027385
vt 0.224521 0.029020
vt 0.744655 0.487161
vt 0.792063 0.500294
vt 0.740744 0.499652
vt 0.587200 0.896869
vt 0.553524 0.885918
vt 0.589635 0.887643
vt 0.599213 0.283517
vt 0.559543 0.325783
vt 0.562697 0.279446
vt 0.833755 0.507688
vt 0.836195 0.496946
vt 0.603749 0.228194
vt 0.790859 0.511855
vt 0.740744 0.511602
vt 0.187766 0.751633
vt 0.151584 0.713368
vt 0.185865 0.711705
vt 0.221995 0.115809
vt 0.176754 0.142880
vt 0.793517 0.490315
vt 0.835970 0.486729
vt 0.051515 0.624883
vt 0.557974 0.685357
vt 0.585018 0.732501
vt 0.551302 0.738919
vt 0.628438 0.905809
vt 0.584106 0.906759
vt 0.169801 0.238826
vt 0.210827 0.228989
vt 0.186158 0.010520
vt 0.229897 0.014361
vt 0.641020 0.239680
vt 0.103994 0.581960
vt 0.059955 0.539815
vt 0.114988 0.538817
vt 0.236991 0.337150
vt 0.633967 0.895938
vt 0.603540 0.333223
vt 0.636190 0.289438
vt 0.641020 0.331802
vt 0.095788 0.619135
vt 0.260527 0.239225
vt 0.551302 0.896301
vt 0.771796 0.366847
vt 0.776628 0.345990
vt 0.470100 0.397261
vt 0.455720 0.437385
vt 0.925717 0.437402
vt 0.916310 0.437402
vt 0.754394 0.324281
vt 0.765182 0.364182
vt 0.371312 0.166830
vt 0.372969 0.150363
vt 0.381093 0.156776
vt 0.965209 0.409735
vt 0.977745 0.410493
vt 0.976444 0.417657
vt 0.375387 0.091271
vt 0.387528 0.099327
vt 0.377622 0.103171
vt 0.969064 0.426171
vt 0.327485 0.179160
vt 0.352020 0.182590
vt 0.336113 0.191705
vt 0.342528 0.162381
vt 0.365098 0.172665
vt 0.381570 0.137144
vt 0.248358 0.631305
vt 0.213291 0.666057
vt 0.211800 0.632436
vt 0.619718 0.699172
vt 0.607442 0.733840
vt 0.601875 0.697417
vt 0.585532 0.460885
vt 0.624854 0.454267
vt 0.620462 0.471650
vt 0.299965 0.112135
vt 0.322872 0.118514
vt 0.303249 0.122605
vt 0.604981 0.516699
vt 0.574110 0.483175
vt 0.611731 0.495023
vt 0.360819 0.127242
vt 0.374845 0.138319
vt 0.362801 0.140195
vt 0.337740 0.010520
vt 0.349053 0.026222
vt 0.338827 0.035740
vt 0.349477 0.044107
vt 0.319607 0.101997
vt 0.340425 0.112964
vt 0.249368 0.710268
vt 0.211002 0.744822
vt 0.221252 0.710670
vt 0.576928 0.697853
vt 0.251026 0.679321
vt 0.270474 0.627317
vt 0.279916 0.689228
vt 0.349782 0.128388
vt 0.352153 0.143208
vt 0.583542 0.420936
vt 0.622645 0.420890
vt 0.055987 0.783692
vt 0.056711 0.798360
vt 0.045742 0.797718
vt 0.188371 0.668571
vt 0.154110 0.686790
vt 0.187853 0.636020
vt 0.977412 0.967155
vt 0.959698 0.967766
vt 0.962295 0.952819
vt 0.652645 0.693276
vt 0.670233 0.745977
vt 0.647743 0.741672
vt 0.621424 0.390675
vt 0.242507 0.763403
vt 0.271609 0.715712
vt 0.263410 0.771653
vt 0.072264 0.764954
vt 0.087663 0.749722
vt 0.091649 0.757471
vt 0.382831 0.106003
vt 0.391192 0.117286
vt 0.383212 0.120108
vt 0.841382 0.392282
vt 0.887707 0.453150
vt 0.831168 0.453150
vt 0.937210 0.970015
vt 0.944145 0.952819
vt 0.945265 0.968964
vt 0.208292 0.710410
vt 0.076128 0.790627
vt 0.343925 0.129980
vt 0.347674 0.144985
vt 0.376037 0.127496
vt 0.340045 0.095548
vt 0.347889 0.111314
vt 0.068653 0.755144
vt 0.055262 0.769024
vt 0.054555 0.754355
vt 0.075231 0.769270
vt 0.345744 0.050399
vt 0.332147 0.047791
vt 0.012340 0.755386
vt 0.028812 0.795662
vt 0.010520 0.788939
vt 0.074814 0.799653
vt 0.097461 0.795060
vt 0.095194 0.803978
vt 0.077569 0.782675
vt 0.100495 0.768605
vt 0.102823 0.778222
vt 0.046238 0.752241
vt 0.348301 0.095649
vt 0.362943 0.107954
vt 0.364459 0.124865
vt 0.331160 0.148889
vt 0.327182 0.133722
vt 0.362795 0.093070
vt 0.364166 0.107912
vt 0.308683 0.144612
vt 0.306027 0.133302
vt 0.363301 0.155745
vt 0.986438 0.644542
vt 0.965775 0.646647
vt 0.978272 0.638015
vt 0.950667 0.662130
vt 0.971927 0.660796
vt 0.719230 0.978000
vt 0.700000 0.967231
vt 0.721335 0.963818
vt 0.737073 0.983736
vt 0.742939 0.977633
vt 0.125198 0.980793
vt 0.148185 0.972653
vt 0.150471 0.980793
vt 0.129099 0.969614
vt 0.109677 0.968227
vt 0.120704 0.957089
vt 0.660055 0.977826
vt 0.645525 0.969003
vt 0.662732 0.965910
vt 0.678606 0.979320
vt 0.320961 0.019734
vt 0.324922 0.092232
vt 0.977481 0.400534
vt 0.339692 0.085065
vt 0.342823 0.059974
vt 0.939703 0.599137
vt 0.925802 0.603699
vt 0.931999 0.592965
vt 0.330220 0.067463
vt 0.330991 0.057643
vt 0.329492 0.076637
vt 0.339909 0.069446
vt 0.339702 0.078569
vt 0.940478 0.610448
vt 0.934397 0.608329
vt 0.969051 0.393304
vt 0.967123 0.399474
vt 0.327218 0.082695
vt 0.900991 0.592965
vt 0.916139 0.609088
vt 0.451857 0.490061
vt 0.775072 0.320549
vt 0.989480 0.705153
vt 0.981331 0.691583
vt 0.987527 0.690934
vt 0.968391 0.705905
vt 0.982301 0.705905
vt 0.963125 0.690979
vt 0.969326 0.691583
vt 0.868145 0.182634
vt 0.855205 0.196956
vt 0.854235 0.182634
vt 0.982042 0.713119
vt 0.981107 0.685357
vt 0.151584 0.627317
vt 0.347038 0.946648
vt 0.337640 0.941541
vt 0.344039 0.939031
vt 0.311177 0.949556
vt 0.339624 0.949556
vt 0.303692 0.946837
vt 0.313088 0.941541
vt 0.556475 0.360465
vt 0.529978 0.368418
vt 0.528027 0.360465
vt 0.339339 0.957515
vt 0.337394 0.934672
vt 0.512993 0.053662
vt 0.481121 0.022135
vt 0.514696 0.010520
vt 0.454828 0.521212
vt 0.504720 0.137126
vt 0.482275 0.106958
vt 0.514696 0.107127
vt 0.481807 0.056032
vt 0.443087 0.104153
vt 0.445880 0.133696
vt 0.478705 0.135104
vt 0.446463 0.053341
vt 0.412232 0.102441
vt 0.416649 0.132590
vt 0.421369 0.031033
vt 0.444469 0.024480
vt 0.729588 0.234607
vt 0.733354 0.288766
vt 0.751894 0.039955
vt 0.751894 0.071991
vt 0.082816 0.727232
vt 0.046683 0.728682
vt 0.022757 0.727676
vt 0.110166 0.704328
vt 0.737931 0.015535
vt 0.709213 0.010520
vt 0.739337 0.093711
vt 0.722506 0.219454
vt 0.725940 0.316273
vt 0.942085 0.051011
vt 0.921275 0.056277
vt 0.932865 0.042406
vt 0.944450 0.028538
vt 0.921275 0.016595
vt 0.926350 0.010520
vt 0.922906 0.333585
vt 0.917032 0.357111
vt 0.909767 0.337738
vt 0.909767 0.315141
vt 0.933828 0.305101
vt 0.750779 0.930639
vt 0.756106 0.925500
vt 0.758696 0.930639
vt 0.706750 0.942778
vt 0.718068 0.930322
vt 0.724802 0.941852
vt 0.934835 0.685357
vt 0.927935 0.709942
vt 0.922604 0.707777
vt 0.922604 0.730374
vt 0.748190 0.925500
vt 0.927935 0.732539
vt 0.924170 0.750989
vt 0.980446 0.322008
vt 0.954868 0.300531
vt 0.986617 0.298637
vt 0.344435 0.890846
vt 0.311526 0.885148
vt 0.325408 0.865360
vt 0.351762 0.885223
vt 0.332735 0.859738
vt 0.331742 0.913632
vt 0.350670 0.897660
vt 0.317673 0.911710
vt 0.325507 0.906818
vt 0.304198 0.879526
vt 0.324985 0.436325
vt 0.358199 0.390675
vt 0.360561 0.438281
vt 0.424926 0.505960
vt 0.391538 0.504602
vt 0.401395 0.473190
vt 0.088637 0.895979
vt 0.799196 0.980552
vt 0.779736 0.959136
vt 0.806754 0.957923
vt 0.873932 0.811643
vt 0.859999 0.843568
vt 0.847061 0.812623
vt 0.778900 0.663795
vt 0.757732 0.632873
vt 0.804882 0.644483
vt 0.858861 0.146640
vt 0.892815 0.147608
vt 0.884515 0.161594
vt 0.874140 0.252599
vt 0.903969 0.245400
vt 0.902423 0.272932
vt 0.860121 0.097859
vt 0.883693 0.118866
vt 0.855190 0.114325
vt 0.303692 0.810807
vt 0.308155 0.801306
vt 0.334560 0.801307
vt 0.482369 0.915097
vt 0.454612 0.898370
vt 0.479358 0.892627
vt 0.354914 0.824901
vt 0.333583 0.838697
vt 0.310873 0.833559
vt 0.858056 0.233344
vt 0.857783 0.255398
vt 0.875197 0.234616
vt 0.702869 0.820062
vt 0.731374 0.785342
vt 0.727357 0.829939
vt 0.872435 0.019465
vt 0.892082 0.042893
vt 0.869956 0.039929
vt 0.746184 0.651344
vt 0.749665 0.661269
vt 0.873769 0.795049
vt 0.838706 0.792745
vt 0.876583 0.069347
vt 0.779736 0.948618
vt 0.777095 0.631628
vt 0.784653 0.829939
vt 0.837583 0.663795
vt 0.503240 0.893213
vt 0.391391 0.808588
vt 0.903969 0.219454
vt 0.832263 0.839474
vt 0.801798 0.808430
vt 0.794371 0.824856
vt 0.797728 0.799450
vt 0.834729 0.855550
vt 0.234856 0.890660
vt 0.261676 0.880463
vt 0.264421 0.895722
vt 0.856840 0.857467
vt 0.208293 0.880485
vt 0.206760 0.895722
vt 0.859654 0.160536
vt 0.809227 0.398840
vt 0.781186 0.422798
vt 0.787525 0.395985
vt 0.234318 0.877733
vt 0.232995 0.865219
vt 0.763603 0.390675
vt 0.731877 0.701255
vt 0.717505 0.733164
vt 0.706343 0.708886
vt 0.776192 0.728705
vt 0.737357 0.731689
vt 0.810128 0.464561
vt 0.810128 0.426967
vt 0.770572 0.764302
vt 0.731719 0.762600
vt 0.769232 0.465688
vt 0.754368 0.414988
vt 0.702869 0.760856
vt 0.807491 0.818888
vt 0.800426 0.820715
vt 0.836202 0.642941
vt 0.850576 0.647136
vt 0.843989 0.654472
vt 0.527901 0.899985
vt 0.514145 0.911423
vt 0.513917 0.896981
vt 0.401845 0.823594
vt 0.388901 0.827957
vt 0.397366 0.817784
vt 0.378727 0.822990
vt 0.503585 0.915097
vt 0.825909 0.647306
vt 0.789739 0.791442
vt 0.255828 0.948798
vt 0.220008 0.943392
vt 0.242894 0.939661
vt 0.218470 0.928160
vt 0.206760 0.950981
vt 0.206760 0.916762
vt 0.250464 0.918425
vt 0.237778 0.926073
vt 0.878596 0.785342
vt 0.829484 0.785342
vt 0.900235 0.010520
vt 0.866098 0.010520
vt 0.848776 0.232565
vt 0.850264 0.263207
vt 0.897836 0.090643
vt 0.854235 0.090643
vt 0.322893 0.494743
vt 0.359062 0.465810
vt 0.358065 0.504322
vt 0.719704 0.396686
vt 0.719073 0.435530
vt 0.033614 0.417904
vt 0.019182 0.445790
vt 0.123947 0.447919
vt 0.104248 0.427129
vt 0.712271 0.492860
vt 0.719628 0.464176
vt 0.400305 0.442828
vt 0.421821 0.424638
vt 0.408566 0.449602
vt 0.394045 0.459995
vt 0.378079 0.403553
vt 0.378393 0.440434
vt 0.376692 0.457771
vt 0.072228 0.417370
vt 0.211322 0.153496
vt 0.202552 0.198414
vt 0.238856 0.074572
vt 0.256979 0.037119
vt 0.278924 0.017905
vt 0.247532 0.080646
vt 0.240572 0.126655
vt 0.230672 0.121883
vt 0.234183 0.156126
vt 0.219998 0.159570
vt 0.228323 0.194150
vt 0.211228 0.204487
vt 0.452287 0.660036
vt 0.454960 0.613138
vt 0.258092 0.084726
vt 0.265655 0.043193
vt 0.272618 0.043205
vt 0.287601 0.023979
vt 0.451857 0.690973
vt 0.105401 0.858560
vt 0.081181 0.832159
vt 0.112143 0.825018
vt 0.152451 0.370126
vt 0.192387 0.363966
vt 0.184080 0.380047
vt 0.151584 0.188163
vt 0.191519 0.353554
vt 0.155381 0.315054
vt 0.080487 0.855827
vt 0.044939 0.826480
vt 0.038454 0.857568
vt 0.012409 0.825018
vt 0.059586 0.377301
vt 0.090614 0.357887
vt 0.063960 0.387133
vt 0.102916 0.319697
vt 0.413606 0.400623
vt 0.404610 0.412256
vt 0.784253 0.890661
vt 0.794191 0.908953
vt 0.781711 0.908121
vt 0.962197 0.253900
vt 0.969746 0.235675
vt 0.974691 0.253320
vt 0.039245 0.387813
vt 0.792215 0.926386
vt 0.779736 0.925553
vt 0.010520 0.381680
vt 0.012210 0.396330
vt 0.790946 0.850979
vt 0.779736 0.854246
vt 0.960135 0.205824
vt 0.974867 0.205140
vt 0.451857 0.849312
vt 0.470823 0.865341
vt 0.460938 0.871587
vt 0.463439 0.812169
vt 0.463059 0.845026
vt 0.824033 0.261938
vt 0.827736 0.268222
vt 0.512096 0.828254
vt 0.511637 0.855191
vt 0.512096 0.869446
vt 0.933186 0.882608
vt 0.945252 0.907499
vt 0.934936 0.910386
vt 0.944078 0.925358
vt 0.576544 0.947465
vt 0.551302 0.961614
vt 0.551302 0.937756
vt 0.799235 0.054968
vt 0.800214 0.028097
vt 0.831160 0.041035
vt 0.561981 0.862736
vt 0.584561 0.832829
vt 0.609619 0.853326
vt 0.875324 0.593737
vt 0.849671 0.608690
vt 0.841370 0.594704
vt 0.732248 0.885745
vt 0.702869 0.904460
vt 0.702869 0.876884
vt 0.874065 0.544955
vt 0.850493 0.565962
vt 0.841542 0.547393
vt 0.412232 0.182032
vt 0.441642 0.195378
vt 0.415452 0.192023
vt 0.887800 0.489467
vt 0.859641 0.505508
vt 0.857235 0.491241
vt 0.464830 0.174562
vt 0.422246 0.160377
vt 0.445426 0.158167
vt 0.749387 0.867422
vt 0.732202 0.867731
vt 0.878996 0.561421
vt 0.578673 0.811789
vt 0.553931 0.774295
vt 0.579313 0.767017
vt 0.179384 0.874165
vt 0.159737 0.897592
vt 0.154246 0.876741
vt 0.551302 0.843749
vt 0.555240 0.833997
vt 0.782640 0.054805
vt 0.181862 0.894628
vt 0.175235 0.924046
vt 0.579876 0.937489
vt 0.581265 0.864877
vt 0.636298 0.772972
vt 0.637356 0.811789
vt 0.643181 0.835551
vt 0.630754 0.851480
vt 0.908128 0.511855
vt 0.884239 0.511855
vt 0.498938 0.195378
vt 0.704324 0.850979
vt 0.827066 0.013299
vt 0.645436 0.779036
vt 0.651116 0.796145
vt 0.646134 0.804654
vt 0.843142 0.015765
vt 0.901531 0.657069
vt 0.874711 0.646872
vt 0.902069 0.644142
vt 0.845058 0.037876
vt 0.928094 0.646894
vt 0.929626 0.662131
vt 0.874532 0.607632
vt 0.758650 0.537739
vt 0.782031 0.566262
vt 0.752807 0.565267
vt 0.903392 0.631628
vt 0.804998 0.537739
vt 0.780515 0.538752
vt 0.510292 0.762342
vt 0.497330 0.729835
vt 0.522507 0.738576
vt 0.451857 0.755320
vt 0.453754 0.712013
vt 0.746184 0.602274
vt 0.490524 0.760000
vt 0.455913 0.791129
vt 0.809806 0.563300
vt 0.786241 0.610588
vt 0.494804 0.791129
vt 0.657864 0.786336
vt 0.658094 0.793312
vt 0.640834 0.856319
vt 0.655387 0.852795
vt 0.655387 0.860326
vt 0.919476 0.493919
vt 0.932948 0.505691
vt 0.918895 0.508351
vt 0.498930 0.175850
vt 0.511215 0.181823
vt 0.506034 0.187017
vt 0.488207 0.179484
vt 0.909010 0.489987
vt 0.649148 0.845161
vt 0.914563 0.544733
vt 0.950106 0.537739
vt 0.937592 0.547443
vt 0.913703 0.560018
vt 0.900991 0.537739
vt 0.946098 0.568321
vt 0.933085 0.561244
vt 0.902512 0.571925
vt 0.772934 0.059631
vt 0.780337 0.019742
vt 0.151584 0.865219
vt 0.185720 0.865219
vt 0.758695 0.867165
vt 0.748423 0.889457
vt 0.836349 0.537739
vt 0.879950 0.537739
vt 0.506927 0.368418
vt 0.418756 0.780266
vt 0.411828 0.343063
vt 0.361679 0.219454
vt 0.535736 0.010520
vt 0.643445 0.644930
vt 0.494752 0.390675
vt 0.797840 0.365223
vt 0.731564 0.361525
vt 0.668197 0.341706
vt 0.604939 0.129940
vt 0.622405 0.664317
vt 0.409284 0.899737
vt 0.016623 0.982689
vt 0.303692 0.638303
vt 0.306393 0.780266
vt 0.692261 0.145744
vt 0.836533 0.298637
vt 0.056154 0.966975
vt 0.198936 0.842302
vt 0.699758 0.191780
vt 0.686284 0.168541
vt 0.973781 0.126387
vt 0.867067 0.965575
vt 0.973333 0.367829
vt 0.411658 0.865254
vt 0.612521 0.936297
vt 0.984411 0.491440
vt 0.519785 0.936137
vt 0.963160 0.739736
vt 0.628045 0.368585
vt 0.982554 0.761921
vt 0.454856 0.940496
vt 0.492267 0.940659
vt 0.579460 0.368418
vt 0.488004 0.958980
vt 0.030857 0.668493
vt 0.705327 0.097895
vt 0.697707 0.220564
vt 0.697707 0.320666
vt 0.829484 0.924649
vt 0.655007 0.936404
vt 0.010520 0.929129
vt 0.925010 0.272932
vt 0.956913 0.181766
vt 0.908864 0.812002
vt 0.429391 0.952703
vt 0.298303 0.416285
vt 0.011543 0.881690
vt 0.257402 0.483497
vt 0.646481 0.435489
vt 0.123947 0.488077
vt 0.682743 0.497846
vt 0.891507 0.759057
vt 0.202230 0.430725
vt 0.047184 0.010520
vt 0.011190 0.204607
vt 0.508974 0.690973
vt 0.359750 0.380047
vt 0.390511 0.346090
vt 0.799653 0.191780
vt 0.875742 0.693751
vt 0.935873 0.165218
vt 0.263056 0.792694
vt 0.854702 0.700657
vt 0.754394 0.268222
vt 0.118993 0.936049
vt 0.568902 0.219454
vt 0.151584 0.760690
vt 0.016327 0.630943
vt 0.180416 0.219454
vt 0.633967 0.886315
vt 0.551517 0.904398
vt 0.254800 0.222891
vt 0.944168 0.399887
vt 0.385705 0.090152
vt 0.358628 0.157014
vt 0.620280 0.735637
vt 0.551302 0.514569
vt 0.359476 0.039348
vt 0.970274 0.974455
vt 0.681829 0.685357
vt 0.579413 0.390675
vt 0.391192 0.107381
vt 0.883362 0.390675
vt 0.933186 0.953620
vt 0.382243 0.128514
vt 0.029905 0.749722
vt 0.950667 0.645229
vt 0.703640 0.983736
vt 0.650631 0.983822
vt 0.674154 0.983822
vt 0.947697 0.604812
vt 0.977745 0.390675
vt 0.767155 0.298637
vt 0.961207 0.705205
vt 0.867210 0.196956
vt 0.968132 0.713119
vt 0.969102 0.685357
vt 0.306628 0.939194
vt 0.554530 0.368418
vt 0.310891 0.957515
vt 0.312842 0.934672
vt 0.418600 0.047403
vt 0.931890 0.068997
vt 0.931893 0.349288
vt 0.929258 0.298637
vt 0.700000 0.931257
vt 0.940167 0.687523
vt 0.929495 0.753171
vt 0.954868 0.325297
vt 0.303692 0.890041
vt 0.318081 0.859738
vt 0.319343 0.397437
vt 0.418574 0.514424
vt 0.088637 0.885599
vt 0.783779 0.980541
vt 0.892643 0.100297
vt 0.451857 0.912574
vt 0.703052 0.793018
vt 0.897573 0.022042
vt 0.806754 0.947426
vt 0.776192 0.685357
vt 0.740744 0.459869
vt 0.808444 0.811973
vt 0.850926 0.639613
vt 0.528557 0.906934
vt 0.402916 0.830812
vt 0.319343 0.465402
vt 0.152452 0.356502
vt 0.151584 0.346090
vt 0.010520 0.857057
vt 0.080893 0.353656
vt 0.430817 0.413005
vt 0.796732 0.891493
vt 0.960135 0.236121
vt 0.038142 0.378255
vt 0.470076 0.815791
vt 0.826130 0.219454
vt 0.954049 0.878507
vt 0.933186 0.931779
vt 0.565929 0.966487
vt 0.551302 0.801212
vt 0.554627 0.927799
vt 0.651028 0.783784
vt 0.871966 0.662131
vt 0.815309 0.609879
vt 0.523702 0.790648
vt 0.933774 0.498760
vt 0.513195 0.174799
vt 0.772934 0.010520
vt 0.755491 0.897675
s 1
usemtl peasant_mat
f 1/1/1 222/2/198 231/3/207
f 585/4/527 783/5/720 239/6/215
f 239/6/215 788/7/725 626/8/565
f 622/9/562 640/10/577 620/11/561
f 232/12/208 608/13/550 965/14/859
f 626/8/565 587/15/529 239/6/215
f 587/15/529 585/4/527 239/6/215
f 615/16/556 623/17/563 617/18/558
f 615/16/556 785/19/722 623/17/563
f 571/20/513 628/21/567 605/22/547
f 574/23/516 604/24/546 243/25/219
f 787/26/724 588/27/530 613/28/554
f 602/29/544 570/20/512 567/30/509
f 5/31/5 614/32/555 784/33/721
f 606/22/548 568/30/510 572/20/514
f 639/34/576 781/35/718 782/36/719
f 615/16/556 957/37/852 178/38/155
f 592/39/534 582/40/524 23/20/23
f 600/41/542 231/3/207 241/42/217
f 618/43/559 638/44/575 16/45/16
f 573/23/515 580/46/522 594/47/536
f 577/48/519 634/49/571 11/9/11
f 581/50/523 786/19/723 584/51/526
f 596/52/538 2/26/2 569/53/511
f 3/54/3 15/55/15 612/1/553
f 638/56/575 641/10/578 636/57/573
f 598/58/540 24/47/24 601/59/543
f 611/60/162 629/61/162 185/13/162
f 613/28/554 20/53/20 787/26/724
f 612/1/553 21/62/21 3/54/3
f 624/63/9 621/9/9 9/11/9
f 14/64/14 607/25/549 578/65/520
f 577/48/519 10/63/10 13/66/13
f 796/67/730 654/68/591 791/69/727
f 643/70/580 645/71/582 650/72/587
f 795/73/592 655/74/592 789/75/592
f 790/76/726 651/77/588 652/78/589
f 71/79/71 721/80/658 72/81/72
f 680/82/617 707/83/644 100/84/100
f 661/85/598 734/86/671 659/87/596
f 707/83/644 680/82/617 677/88/614
f 38/89/38 672/90/609 665/91/602
f 664/91/601 674/92/611 663/93/600
f 685/94/622 721/80/658 710/95/647
f 35/96/35 59/97/59 37/98/37
f 732/99/669 730/100/667 55/101/55
f 657/102/594 62/103/62 39/104/39
f 671/105/608 668/106/605 74/107/74
f 33/108/33 619/109/560 111/110/111
f 719/111/656 689/112/626 740/113/677
f 697/114/634 729/115/666 675/116/612
f 42/117/42 675/116/612 729/115/666
f 79/118/79 670/119/607 77/105/77
f 726/120/663 705/121/642 708/122/645
f 715/123/652 618/43/559 16/45/16
f 724/124/661 37/98/37 699/125/636
f 760/126/697 52/127/52 99/111/99
f 701/128/638 39/104/39 36/129/36
f 764/130/701 678/131/615 70/132/70
f 658/133/595 17/134/17 616/135/557
f 716/136/653 660/137/597 692/138/629
f 727/139/664 704/140/641 34/141/34
f 701/128/638 703/142/640 700/143/637
f 708/122/645 728/144/665 726/120/663
f 34/141/34 732/99/669 55/101/55
f 712/145/649 684/146/621 711/147/648
f 744/148/681 738/149/675 736/150/673
f 63/151/63 66/152/66 64/153/64
f 698/154/635 681/155/618 723/156/660
f 61/157/61 705/121/642 731/158/668
f 716/136/653 698/154/635 723/156/660
f 746/159/683 70/132/70 693/160/630
f 78/161/78 718/162/655 760/126/697
f 741/113/678 51/163/51 683/164/620
f 679/165/616 758/166/695 73/167/73
f 79/118/79 760/126/697 758/166/695
f 54/147/54 762/168/699 96/145/96
f 750/169/687 764/130/701 748/170/685
f 766/171/703 729/115/666 102/172/102
f 45/173/45 67/174/67 68/175/68
f 57/160/57 735/176/672 747/159/684
f 749/170/686 739/177/676 751/169/688
f 45/173/45 47/178/47 43/179/43
f 709/180/646 47/178/47 762/168/699
f 762/168/699 678/131/615 764/130/701
f 73/167/73 752/181/689 717/182/654
f 758/166/695 756/183/693 754/184/691
f 666/185/603 78/161/78 733/186/670
f 78/161/78 77/105/77 733/186/670
f 56/182/56 687/187/624 40/85/40
f 755/184/692 743/188/680 745/148/682
f 695/189/632 76/186/76 75/190/75
f 75/190/75 671/105/608 74/107/74
f 674/92/611 72/81/72 663/93/600
f 98/191/98 93/192/93 92/193/92
f 98/191/98 765/194/702 97/195/97
f 86/196/86 89/197/89 91/198/91
f 84/199/84 83/200/83 80/201/80
f 82/202/82 85/203/85 81/204/81
f 87/205/87 763/206/700 85/203/85
f 88/207/88 720/208/657 713/209/650
f 95/210/95 720/208/657 94/211/94
f 667/212/604 60/115/60 696/114/633
f 42/117/42 729/115/666 766/171/703
f 667/212/604 690/172/627 60/115/60
f 670/213/607 679/214/616 768/215/705
f 680/82/617 769/216/706 105/217/105
f 101/215/101 780/218/717 770/219/707
f 102/172/102 103/220/103 766/171/703
f 767/221/704 771/222/708 691/223/628
f 103/220/103 777/224/714 779/225/716
f 778/226/715 772/227/709 774/228/711
f 771/222/708 773/229/710 109/230/109
f 769/216/706 775/231/712 105/217/105
f 770/219/707 108/228/108 107/227/107
f 767/221/704 69/232/69 46/233/46
f 656/97/593 17/134/17 658/133/595
f 705/121/642 782/36/719 781/35/718
f 714/234/651 16/45/16 730/100/667
f 657/102/594 111/110/111 62/103/62
f 27/235/27 643/70/580 650/72/587
f 653/78/590 796/67/730 793/236/728
f 30/78/30 337/237/313 32/238/32
f 799/239/731 803/240/731 797/241/731
f 804/240/732 805/242/732 798/241/732
f 806/242/734 811/243/734 809/244/734
f 812/245/733 800/246/733 810/247/733
f 119/242/113 113/248/113 115/241/113
f 120/249/114 114/250/114 118/251/114
f 616/135/557 17/134/17 958/252/853
f 815/253/735 819/254/735 813/255/735
f 820/254/736 821/256/736 814/255/736
f 824/257/738 825/258/738 822/256/738
f 828/259/737 816/260/737 826/261/737
f 127/256/113 121/262/113 123/255/113
f 128/257/114 122/263/114 126/264/114
f 129/265/115 25/266/25 646/267/583
f 644/268/581 832/269/742 835/270/744
f 829/271/739 831/272/741 830/273/740
f 29/274/29 830/273/740 25/266/25
f 29/274/29 132/275/118 26/271/26
f 26/271/26 838/276/747 834/277/743
f 29/274/29 129/265/115 133/278/119
f 133/278/119 841/279/750 132/275/118
f 132/275/118 842/280/751 838/276/747
f 133/278/119 839/281/748 840/282/749
f 369/283/329 137/284/123 368/285/328
f 853/286/762 135/287/121 852/288/761
f 849/289/758 129/290/115 850/291/759
f 839/292/748 849/289/758 846/293/755
f 28/294/28 850/291/759 129/290/115
f 843/295/752 852/288/761 135/287/121
f 853/286/762 131/296/117 130/297/116
f 138/298/124 368/285/328 137/284/123
f 369/283/329 139/299/125 136/300/122
f 851/301/760 28/294/28 648/302/585
f 860/303/768 856/304/765 861/305/769
f 860/303/768 858/306/767 854/307/763
f 858/306/767 876/308/781 854/307/763
f 866/309/774 872/310/779 871/311/778
f 871/311/778 872/310/779 869/312/777
f 869/312/777 880/313/784 878/314/783
f 877/315/782 879/316/782 881/317/782
f 857/318/766 873/319/780 865/320/773
f 144/321/130 870/322/130 148/323/130
f 140/324/126 146/322/127 141/325/127
f 142/326/128 149/317/133 143/319/129
f 862/327/770 147/328/132 140/324/126
f 882/329/785 886/330/789 888/331/790
f 894/332/793 890/333/791 896/334/794
f 897/335/786 883/336/786 889/337/786
f 154/333/134 885/338/788 150/339/134
f 152/340/136 895/332/136 887/341/136
f 153/342/135 157/334/135 151/343/135
f 909/344/806 936/345/832 930/346/827
f 914/347/811 919/348/816 917/349/814
f 915/350/812 1286/351/1132 920/352/817
f 133/278/119 129/265/115 134/353/120
f 912/354/809 904/355/801 906/356/803
f 937/357/833 903/358/800 902/359/799
f 905/360/802 925/361/822 907/362/804
f 946/363/842 158/364/137 159/365/138
f 898/366/795 167/367/146 899/368/796
f 940/369/836 932/370/829 934/371/831
f 938/372/834 931/373/828 940/369/836
f 170/346/149 941/374/837 910/344/807
f 170/346/149 944/375/840 943/376/839
f 946/363/842 908/362/805 926/361/823
f 919/348/816 913/354/810 164/356/143
f 913/354/810 944/375/840 170/346/149
f 923/377/820 944/375/840 913/354/810
f 162/354/141 936/345/832 901/378/798
f 165/368/144 472/357/422 465/366/416
f 956/37/851 961/379/855 959/380/854
f 949/381/845 785/19/722 615/16/556
f 6/37/6 960/380/6 955/38/6
f 948/382/844 12/51/12 18/19/18
f 179/383/156 590/384/532 184/385/161
f 954/386/850 951/387/847 590/384/532
f 181/388/158 966/389/860 951/387/847
f 589/390/531 232/12/208 965/14/859
f 184/385/161 180/391/157 179/383/156
f 609/392/551 633/393/570 180/391/157
f 183/390/160 953/394/849 236/395/212
f 952/396/848 494/397/439 481/398/427
f 969/399/863 962/400/856 964/401/858
f 961/379/855 956/37/851 639/402/576
f 637/57/574 182/403/159 8/56/8
f 178/38/155 949/381/845 615/16/556
f 968/404/862 188/405/165 186/396/163
f 970/406/864 972/407/866 187/404/164
f 916/408/813 974/409/868 924/410/821
f 160/408/139 977/411/871 976/412/870
f 933/370/830 981/413/830 935/371/830
f 174/414/153 989/415/841 986/416/874
f 173/417/152 983/418/835 939/419/835
f 171/420/150 975/409/869 978/421/872
f 177/422/113 984/423/113 199/415/113
f 171/420/150 979/424/147 168/425/147
f 174/414/153 987/426/875 942/427/838
f 173/417/152 982/428/151 985/429/873
f 911/430/808 988/431/876 994/432/881
f 166/433/145 993/432/880 991/434/878
f 464/435/415 991/436/878 990/437/877
f 202/438/178 995/432/882 997/439/884
f 513/440/457 201/436/177 996/441/883
f 203/439/179 197/431/174 196/442/173
f 192/443/169 195/444/172 194/445/171
f 193/446/170 198/447/175 195/444/172
f 222/448/198 204/449/180 231/450/207
f 1015/451/902 239/452/215 783/453/720
f 239/452/215 1045/454/930 788/455/725
f 642/456/579 1041/457/927 1039/458/926
f 232/12/208 1030/459/917 610/60/552
f 1045/454/930 239/452/215 1017/460/904
f 1017/460/904 239/452/215 1015/451/902
f 1034/461/921 1036/462/923 1042/463/928
f 1034/461/921 1042/463/928 1184/464/1068
f 628/465/567 1002/466/889 605/467/547
f 1005/468/892 604/469/546 1025/470/912
f 1186/471/1070 1018/472/905 1016/473/903
f 1028/474/915 1001/466/888 1022/475/909
f 208/473/184 230/476/206 205/471/181
f 244/467/220 999/477/886 597/478/539
f 1182/479/1066 1048/480/933 1183/481/1067
f 1034/461/921 480/482/426 1403/483/1233
f 1021/475/908 1012/484/899 1009/485/896
f 1026/486/913 231/450/207 204/449/180
f 1037/487/924 219/488/195 1047/489/932
f 1004/468/891 1010/490/897 1007/491/894
f 634/492/571 1008/493/895 214/457/190
f 1185/464/1069 1011/494/898 1014/495/901
f 242/496/218 205/471/181 230/476/206
f 206/497/182 218/498/194 207/499/183
f 1047/500/932 233/456/209 1037/458/924
f 1024/470/911 228/501/204 226/468/202
f 235/60/211 489/459/211 632/61/211
f 1033/502/920 224/503/200 1029/504/916
f 1032/449/919 225/505/201 223/486/199
f 1043/506/188 212/458/188 1040/457/188
f 217/491/193 607/507/549 1006/468/893
f 1008/493/895 213/506/189 214/457/190
f 338/67/314 1055/508/940 335/509/311
f 1049/510/934 250/70/226 1051/511/936
f 795/73/592 1056/512/592 792/513/592
f 1188/514/1071 1052/509/937 254/515/230
f 294/516/270 1122/517/1006 1111/518/995
f 1081/519/965 323/520/299 1108/521/992
f 1062/522/946 1135/523/1019 1087/524/971
f 1108/521/992 1078/525/962 1081/519/965
f 261/526/237 1073/527/957 1095/528/979
f 1065/529/949 1075/530/959 1074/527/958
f 1122/517/1006 1086/531/970 1111/518/995
f 258/532/234 282/533/258 1107/534/991
f 1133/535/1017 1131/536/1015 1115/537/999
f 1058/538/942 262/539/238 285/540/261
f 1069/541/953 1072/542/956 297/543/273
f 1038/544/925 256/545/232 334/546/310
f 1120/547/1004 1090/548/974 1123/549/1007
f 1098/550/982 1076/551/960 1130/552/1014
f 1076/551/960 265/553/241 1130/552/1014
f 1071/554/955 302/555/278 300/542/276
f 1127/556/1011 1106/557/990 1132/558/1016
f 1116/559/1000 219/488/195 1037/487/924
f 260/560/236 1125/561/1009 1100/562/984
f 1161/563/1045 275/549/251 1119/564/1003
f 262/539/238 1102/565/986 259/566/235
f 1165/567/1049 293/568/269 1079/569/963
f 1059/570/943 1035/571/922 220/572/196
f 1061/573/945 1117/574/1001 1093/575/977
f 1105/576/989 1128/577/1012 257/578/233
f 1102/565/986 1104/579/988 259/566/235
f 1109/580/993 1129/581/1013 1126/582/1010
f 257/578/233 1133/535/1017 1105/576/989
f 1113/583/997 1085/584/969 1083/585/967
f 1145/586/1029 1139/587/1023 1143/588/1027
f 289/589/265 286/590/262 287/591/263
f 1082/592/966 1099/593/983 1124/594/1008
f 284/595/260 1132/558/1016 1106/557/990
f 1117/574/1001 1099/593/983 1093/575/977
f 1147/596/1031 293/568/269 1165/567/1049
f 301/597/277 1119/564/1003 273/598/249
f 1142/599/1026 274/531/250 264/548/240
f 1080/600/964 1159/601/1043 302/555/278
f 302/555/278 1161/563/1045 301/597/277
f 277/602/253 1163/603/1047 1110/604/994
f 1151/605/1035 1165/567/1049 1163/603/1047
f 1167/606/1051 325/607/301 1130/552/1014
f 290/608/266 268/609/244 291/610/267
f 280/611/256 1136/612/1020 276/613/252
f 1150/614/1034 1140/615/1024 1138/616/1022
f 268/609/244 270/617/246 1079/569/963
f 1110/604/994 1163/603/1047 270/617/246
f 1163/603/1047 1079/569/963 270/617/246
f 296/618/272 1153/619/1037 1159/601/1043
f 1159/601/1043 1157/620/1041 1161/563/1045
f 1067/621/951 301/597/277 273/598/249
f 300/542/276 301/597/277 1134/622/1018
f 279/623/255 1088/524/972 1154/619/1038
f 1156/624/1040 1144/588/1028 1158/620/1042
f 1096/625/980 299/622/275 267/621/243
f 298/626/274 1072/542/956 299/622/275
f 1075/530/959 295/627/271 294/516/270
f 316/628/292 321/629/297 315/630/291
f 1166/631/1050 321/629/297 320/632/296
f 309/633/285 312/634/288 307/635/283
f 306/636/282 307/635/283 303/637/279
f 308/638/284 305/639/281 304/640/280
f 310/641/286 1164/642/1048 1162/643/1046
f 1121/644/1005 311/645/287 1114/646/998
f 318/647/294 1121/644/1005 1114/646/998
f 1068/648/952 1097/550/981 283/552/259
f 265/553/241 1167/606/1051 1130/552/1014
f 1068/648/952 283/552/259 1091/607/975
f 1071/554/955 1169/649/1053 1080/600/964
f 1081/519/965 1170/650/1054 323/520/299
f 324/649/300 1181/651/1065 272/600/248
f 326/652/302 325/607/301 1167/606/1051
f 1172/653/1056 1168/654/1052 1092/655/976
f 326/652/302 1178/656/1062 329/657/305
f 1173/658/1057 1179/659/1063 1175/660/1059
f 1172/653/1056 1174/661/1058 327/662/303
f 1176/663/1060 1170/650/1054 328/664/304
f 1171/665/1055 331/660/307 1181/651/1065
f 292/666/268 1168/654/1052 269/667/245
f 1057/533/941 220/572/196 281/534/257
f 1106/557/990 1183/481/1067 284/595/260
f 1115/537/999 219/488/195 1116/559/1000
f 334/546/310 1058/538/942 285/540/261
f 247/668/223 250/70/226 251/268/227
f 1054/669/939 338/67/314 335/509/311
f 253/669/229 337/237/313 794/236/729
f 1191/670/1072 1195/671/1072 1193/672/1072
f 1197/673/1073 1196/671/1073 1190/674/1073
f 1198/673/1075 1203/675/1075 1200/676/1075
f 1192/677/1074 1204/678/1074 1202/679/1074
f 340/680/113 346/673/113 342/674/113
f 347/676/114 341/681/114 343/671/114
f 1035/571/922 1404/682/1234 220/572/196
f 1207/683/1076 1211/684/1076 1209/685/1076
f 1213/686/1077 1212/684/1077 1206/687/1077
f 1217/688/1079 1216/689/1079 1214/686/1079
f 1208/690/1078 1220/691/1078 1218/692/1078
f 348/693/113 354/686/113 350/687/113
f 355/689/114 349/694/114 351/684/114
f 245/695/221 356/696/316 1050/697/935
f 251/268/227 1224/698/1083 247/668/223
f 1223/699/1082 1221/700/1080 1222/701/1081
f 249/702/225 1222/701/1081 1221/700/1080
f 360/703/320 249/702/225 246/700/222
f 1227/704/1085 246/700/222 1226/705/1084
f 249/702/225 361/706/321 356/696/316
f 1230/707/1088 361/706/321 360/703/320
f 1231/708/1089 360/703/320 1227/704/1085
f 361/706/321 1228/709/1086 362/710/322
f 369/283/329 365/711/325 364/712/324
f 372/286/332 363/713/323 357/714/317
f 376/289/336 356/715/316 362/716/322
f 376/289/336 1228/717/1086 848/293/757
f 248/718/224 375/291/335 374/301/334
f 1232/719/1090 373/288/333 370/720/330
f 358/721/318 372/286/332 357/714/317
f 368/285/328 366/722/326 365/711/325
f 367/723/327 369/283/329 364/712/324
f 374/301/334 252/302/228 248/718/224
f 1237/724/1094 380/725/340 1233/726/1091
f 1237/724/1094 1233/726/1091 1235/727/1093
f 1235/727/1093 1245/728/1099 1243/729/1099
f 1241/730/1097 868/731/776 1240/732/1096
f 1240/732/1096 1238/733/1095 1241/730/1097
f 1238/733/1095 1249/734/1102 1241/730/1097
f 1246/735/1100 1248/736/1100 1244/737/1100
f 857/738/766 1242/739/1098 1234/740/1092
f 384/741/344 1239/742/344 1236/743/344
f 386/742/338 377/744/337 378/743/338
f 382/740/342 390/745/348 385/735/345
f 387/746/346 379/747/339 377/744/337
f 1255/748/1107 1251/749/1103 1257/750/1108
f 1259/751/1109 1263/752/1111 1265/753/1112
f 1252/754/1104 1266/753/1104 1258/755/1104
f 1254/756/1106 395/751/349 391/757/349
f 393/758/351 1264/752/351 396/759/351
f 394/760/350 398/753/350 397/752/350
f 1385/761/1218 1276/762/1122 1379/763/1214
f 1281/764/1127 1289/765/1135 1290/766/1136
f 1287/351/1133 1282/767/1128 922/352/819
f 1330/768/1168 1312/769/1150 1309/770/1148
f 1295/771/363 410/772/363 1334/773/363
f 1297/774/1141 1323/775/1161 417/776/369
f 1315/777/1153 1317/778/1155 1336/779/1173
f 1293/780/1139 1292/781/1138 1337/782/1174
f 1319/783/1157 1306/784/1146 1314/785/1152
f 1308/786/1142 1302/787/1142 1300/788/1142
f 1326/789/1164 1327/790/1165 1329/791/1167
f 416/792/368 1328/793/1166 1331/794/1169
f 1321/795/1159 1294/780/1140 1370/796/1205
f 1306/784/1146 408/777/361 1314/785/1152
f 420/797/372 409/781/362 1294/780/1140
f 1303/798/113 1296/799/113 414/800/113
f 1305/801/1145 1333/802/1171 1307/803/1147
f 1301/788/1143 1331/794/1169 1310/786/1149
f 1311/804/367 415/774/367 1299/805/367
f 1369/806/1204 1335/773/1172 455/807/406
f 1333/802/1171 411/808/364 1307/803/1147
f 406/809/359 405/770/358 404/769/357
f 417/776/369 1323/775/1161 1325/810/1163
f 1296/799/113 1342/811/113 414/800/113
f 417/776/369 1339/812/1176 1297/774/1141
f 427/813/378 1326/789/1164 1329/791/1167
f 1341/814/1177 416/792/368 1301/788/1143
f 409/781/362 420/797/372 1316/815/1154
f 1338/772/1175 1318/816/1156 423/773/375
f 1315/777/1153 421/784/373 1317/778/1155
f 1360/817/1195 1365/818/1200 446/819/397
f 1318/816/1156 1338/772/1175 424/820/376
f 1292/821/1138 1346/822/1181 1337/823/1174
f 1338/772/1175 431/824/382 424/820/376
f 1347/825/1182 409/821/362 1316/826/1154
f 1336/779/1173 429/827/380 1315/777/1153
f 431/828/382 1351/829/1186 424/830/376
f 1345/831/1180 1349/832/1184 1346/822/1181
f 435/829/386 429/833/380 1336/830/1173
f 1350/834/1185 440/835/391 1347/836/1182
f 1350/834/1185 437/837/388 433/838/384
f 438/839/389 1351/829/1186 434/840/385
f 1353/838/1188 1355/841/1190 1348/842/1183
f 439/843/390 432/844/383 435/829/386
f 440/832/391 430/831/381 1347/825/1182
f 1349/835/1184 1348/842/1183 1346/845/1181
f 1359/817/1194 1361/846/1196 1363/847/1198
f 447/848/398 442/849/393 1366/850/1201
f 1362/851/1197 1367/852/1202 448/853/399
f 444/854/395 1368/855/1203 445/856/396
f 445/856/396 1344/857/1179 1341/814/1177
f 448/853/399 428/858/379 427/813/378
f 1343/859/1178 1366/850/1201 1339/812/1176
f 446/819/397 425/811/377 426/860/377
f 1371/861/1206 419/862/371 418/863/370
f 412/864/365 1373/865/1208 1375/866/1210
f 1377/867/1212 418/863/370 413/868/366
f 413/868/366 1375/866/1210 1377/867/1212
f 1372/869/1207 455/807/406 1374/870/1209
f 452/871/403 1305/801/1145 1376/872/1211
f 1378/873/1213 456/796/407 451/874/402
f 449/875/400 454/783/405 450/876/401
f 361/706/321 362/710/322 356/696/316
f 1271/877/1117 1279/878/1125 1273/879/1119
f 937/357/833 1270/880/1116 1385/881/1218
f 1272/882/1118 927/361/824 466/883/417
f 399/884/352 467/363/418 400/885/353
f 463/886/414 898/366/795 1267/887/1113
f 1388/888/1220 1381/889/1216 1380/890/1215
f 1386/891/1219 1380/890/1215 1290/766/1136
f 471/763/421 1389/892/1221 1391/893/1223
f 471/763/421 1391/893/1223 1392/894/1224
f 467/363/418 1275/895/1121 400/885/353
f 1289/765/1135 1280/878/1126 1290/766/1136
f 1280/878/1126 471/763/421 1392/894/1224
f 1392/894/1224 1290/766/1136 1280/878/1126
f 458/878/409 1385/761/1218 1379/763/1214
f 472/357/422 461/887/412 465/366/416
f 1402/483/1232 1405/896/1235 1407/897/1236
f 1396/898/1227 1184/464/1068 1394/899/1225
f 209/483/185 1401/482/185 1406/896/185
f 1395/899/1226 215/495/191 631/900/569
f 482/901/428 1020/902/907 1400/903/1231
f 1400/903/1231 1398/904/1229 484/905/430
f 484/905/430 1411/906/1240 1409/907/1238
f 232/12/208 1019/908/906 1410/909/1239
f 488/910/434 483/911/429 1031/912/918
f 1031/912/918 483/911/429 237/913/213
f 487/908/433 953/394/849 1397/914/1228
f 494/915/439 1399/916/1230 481/917/427
f 969/918/863 1408/919/1237 1412/920/1241
f 1407/897/1236 1048/921/933 1402/483/1232
f 486/922/432 637/923/574 211/500/187
f 480/482/426 1034/461/921 1396/898/1227
f 493/924/438 1413/925/1242 490/916/435
f 1415/926/1244 492/927/437 491/925/436
f 1416/928/1245 1283/929/1129 1291/930/1137
f 402/929/355 497/411/442 401/931/354
f 1422/932/830 1382/889/830 1384/933/830
f 476/934/424 1430/935/841 1393/936/841
f 1424/937/835 475/938/152 1387/939/835
f 473/940/423 1417/928/1246 403/930/356
f 479/936/113 1425/941/113 478/942/113
f 1420/943/147 473/940/423 469/944/147
f 1428/945/1248 476/934/424 1390/946/1222
f 475/938/152 1423/947/151 474/948/151
f 1278/949/1124 1429/950/1249 477/951/425
f 462/952/413 1433/953/1252 459/949/410
f 464/435/415 1431/954/1250 462/955/413
f 1435/953/1254 511/956/455 1437/957/1256
f 513/440/457 509/954/453 510/437/454
f 505/950/450 512/957/456 504/958/449
f 500/959/445 503/960/448 501/961/446
f 506/962/451 501/961/446 503/960/448
f 1458/963/1269 1476/964/1287 1455/965/1267
f 1441/966/464 1480/967/464 520/968/464
f 1469/969/1280 1443/970/1260 527/971/470
f 1461/972/1272 1482/973/1292 1463/974/1274
f 1439/975/1258 1483/976/1293 1438/977/1257
f 1465/978/1276 1452/979/1265 1450/980/1263
f 1454/981/1261 1446/982/1261 1448/983/1261
f 1472/984/1283 1473/985/1284 1470/986/1281
f 526/987/469 1477/988/1288 1474/989/1285
f 1467/990/1278 1440/975/1259 530/991/473
f 1452/979/1265 1460/992/1271 518/972/462
f 530/991/473 1440/975/1259 519/977/463
f 1442/993/113 1449/994/113 524/995/113
f 1451/996/1264 1479/997/1290 1478/998/1289
f 1477/988/1288 1447/982/1262 1456/981/1268
f 1457/999/468 1445/1000/468 525/970/468
f 1515/1001/1323 1481/967/1291 532/966/475
f 1479/997/1290 1453/1002/1266 521/1003/465
f 515/965/459 516/1004/460 514/963/458
f 527/971/470 1471/1005/1282 1469/969/1280
f 1442/993/113 1488/1006/113 1486/1007/113
f 527/971/470 1485/1008/1295 1489/1009/1297
f 1472/984/1283 537/1010/479 1475/1011/1286
f 526/987/469 1487/1012/1296 1447/982/1262
f 519/977/463 1462/1013/1273 530/991/473
f 1484/968/1294 533/967/476 1464/1014/1275
f 1461/972/1272 1463/974/1274 531/979/474
f 1511/1015/1319 1506/1016/1314 556/1017/498
f 1464/1014/1275 534/1018/477 1484/968/1294
f 1438/1019/1257 1492/1020/1300 1491/1021/1299
f 1484/968/1294 534/1018/477 541/1022/483
f 519/1019/463 1493/1023/1301 1462/1024/1273
f 1482/973/1292 1461/972/1272 539/1025/481
f 541/1026/483 1497/1027/1305 544/1028/486
f 1491/1021/1299 1492/1020/1300 1495/1029/1303
f 539/1030/481 545/1027/487 1482/1031/1292
f 550/1032/492 1496/1033/1304 1493/1034/1301
f 1496/1033/1304 547/1035/489 1498/1036/1306
f 1497/1027/1305 548/1037/490 544/1028/486
f 1499/1038/1307 1501/1039/1309 1500/1035/1308
f 542/1040/484 549/1041/491 545/1027/487
f 550/1029/492 1493/1023/1301 540/1021/482
f 1495/1032/1303 1494/1042/1302 1499/1038/1307
f 1505/1016/1313 1507/1043/1315 1503/1044/1311
f 557/1045/499 552/1046/494 1504/1047/1312
f 1513/1048/1321 1508/1049/1316 558/1050/500
f 1514/1051/1322 554/1052/496 555/1053/497
f 1490/1054/1298 555/1053/497 1487/1012/1296
f 538/1055/480 558/1050/500 537/1010/479
f 1489/1009/1297 1512/1056/1320 557/1045/499
f 535/1006/478 556/1017/498 536/1007/478
f 529/1057/472 1517/1058/1325 528/1059/471
f 522/1060/466 1519/1061/1327 529/1057/472
f 528/1059/471 1523/1062/1331 523/1063/467
f 523/1063/467 1521/1064/1329 522/1060/466
f 1518/1065/1326 565/1066/507 1515/1001/1323
f 1451/996/1264 562/1067/504 1522/1068/1330
f 1524/1069/1332 566/1070/508 1466/990/1277
f 564/978/506 559/1071/501 560/1072/502
f 1/1/1 627/55/566 222/2/198
f 622/9/562 635/49/572 640/10/577
f 232/12/208 610/60/552 608/13/550
f 571/20/513 583/40/525 628/21/567
f 574/23/516 599/58/541 604/24/546
f 787/26/724 586/31/528 588/27/530
f 602/29/544 593/39/535 570/20/512
f 5/31/5 2/26/2 614/32/555
f 606/22/548 595/1073/537 568/30/510
f 639/34/576 956/1074/851 781/35/718
f 592/39/534 579/1075/521 582/40/524
f 600/41/542 1/1/1 231/3/207
f 573/23/515 576/64/518 580/46/522
f 577/48/519 238/1076/214 634/49/571
f 581/50/523 625/17/564 786/19/723
f 596/52/538 614/32/555 2/26/2
f 3/54/3 4/1077/4 15/55/15
f 638/56/575 618/11/559 641/10/578
f 598/58/540 22/23/22 24/47/24
f 613/28/554 603/1078/545 20/53/20
f 612/1/553 19/41/19 21/62/21
f 14/64/14 575/23/517 607/25/549
f 577/48/519 11/9/11 10/63/10
f 796/67/730 112/77/112 654/68/591
f 643/70/580 647/1079/584 645/71/582
f 795/73/592 792/513/592 655/74/592
f 790/76/726 31/1080/31 651/77/588
f 71/79/71 710/95/647 721/80/658
f 661/85/598 686/187/623 734/86/671
f 38/89/38 694/1081/631 672/90/609
f 664/91/601 673/90/610 674/92/611
f 685/94/622 688/1082/625 721/80/658
f 35/96/35 706/1083/643 59/97/59
f 732/99/669 714/234/651 730/100/667
f 671/105/608 669/119/606 668/106/605
f 33/108/33 7/1084/7 619/109/560
f 719/111/656 722/127/659 689/112/626
f 42/117/42 676/1085/613 675/116/612
f 79/118/79 679/165/616 670/119/607
f 726/120/663 731/158/668 705/121/642
f 724/124/661 35/96/35 37/98/37
f 760/126/697 718/162/655 52/127/52
f 701/128/638 657/102/594 39/104/39
f 716/136/653 662/1086/599 660/137/597
f 727/139/664 702/1087/639 704/140/641
f 701/128/638 36/129/36 703/142/640
f 708/122/645 725/1088/662 728/144/665
f 34/141/34 704/140/641 732/99/669
f 712/145/649 682/1089/619 684/146/621
f 744/148/681 742/188/679 738/149/675
f 63/151/63 65/1090/65 66/152/66
f 698/154/635 48/1091/48 681/155/618
f 716/136/653 692/138/629 698/154/635
f 746/159/683 764/130/701 70/132/70
f 78/161/78 50/1092/50 718/162/655
f 741/113/678 41/112/41 51/163/51
f 679/165/616 79/118/79 758/166/695
f 79/118/79 78/161/78 760/126/697
f 54/147/54 709/180/646 762/168/699
f 750/169/687 762/168/699 764/130/701
f 45/173/45 43/179/43 67/174/67
f 57/160/57 53/1093/53 735/176/672
f 749/170/686 737/1094/674 739/177/676
f 45/173/45 678/131/615 47/178/47
f 762/168/699 47/178/47 678/131/615
f 73/167/73 758/166/695 752/181/689
f 758/166/695 760/126/697 756/183/693
f 666/185/603 50/1092/50 78/161/78
f 78/161/78 79/118/79 77/105/77
f 56/182/56 753/181/690 687/187/624
f 755/184/692 757/183/694 743/188/680
f 695/189/632 44/185/44 76/186/76
f 75/190/75 76/186/76 671/105/608
f 674/92/611 71/79/71 72/81/72
f 98/191/98 97/195/97 93/192/93
f 98/191/98 759/1095/696 765/194/702
f 86/196/86 84/199/84 89/197/89
f 84/199/84 86/196/86 83/200/83
f 82/202/82 87/205/87 85/203/85
f 87/205/87 761/1096/698 763/206/700
f 88/207/88 90/1097/90 720/208/657
f 95/210/95 713/209/650 720/208/657
f 680/82/617 100/84/100 769/216/706
f 101/215/101 49/214/49 780/218/717
f 102/172/102 106/1098/106 103/220/103
f 767/221/704 104/1099/104 771/222/708
f 103/220/103 106/1098/106 777/224/714
f 778/226/715 776/1100/713 772/227/709
f 771/222/708 104/1099/104 773/229/710
f 769/216/706 110/1101/110 775/231/712
f 770/219/707 780/218/717 108/228/108
f 767/221/704 691/223/628 69/232/69
f 656/97/593 58/1083/58 17/134/17
f 705/121/642 61/157/61 782/36/719
f 714/234/651 715/123/652 16/45/16
f 657/102/594 33/108/33 111/110/111
f 27/235/27 644/268/581 643/70/580
f 653/78/590 112/77/112 796/67/730
f 30/78/30 794/236/729 337/237/313
f 799/239/731 801/1102/731 803/240/731
f 804/240/732 807/249/732 805/242/732
f 806/242/734 808/249/734 811/243/734
f 812/245/733 802/1103/733 800/246/733
f 119/242/113 117/1104/113 113/248/113
f 120/249/114 116/240/114 114/250/114
f 815/253/735 817/1105/735 819/254/735
f 820/254/736 823/257/736 821/256/736
f 824/257/738 827/1106/738 825/258/738
f 828/259/737 818/1107/737 816/260/737
f 127/256/113 125/1108/113 121/262/113
f 128/257/114 124/254/114 122/263/114
f 129/265/115 29/274/29 25/266/25
f 644/268/581 27/235/27 832/269/742
f 829/271/739 833/277/741 831/272/741
f 29/274/29 829/271/739 830/273/740
f 29/274/29 133/278/119 132/275/118
f 26/271/26 132/275/118 838/276/747
f 133/278/119 840/282/749 841/279/750
f 132/275/118 841/279/750 842/280/751
f 133/278/119 134/353/120 839/281/748
f 369/283/329 136/300/122 137/284/123
f 853/286/762 130/297/116 135/287/121
f 849/289/758 134/1109/120 129/290/115
f 839/292/748 134/1109/120 849/289/758
f 28/294/28 851/301/760 850/291/759
f 843/295/752 844/720/753 852/288/761
f 853/286/762 836/1110/745 131/296/117
f 138/298/124 847/1111/756 368/285/328
f 369/283/329 845/1112/754 139/299/125
f 860/303/768 854/307/763 856/304/765
f 858/306/767 874/1113/781 876/308/781
f 866/309/774 864/1114/772 872/310/779
f 869/312/777 872/310/779 880/313/784
f 877/315/782 875/1115/782 879/316/782
f 857/318/766 855/326/764 873/319/780
f 144/321/130 859/325/130 870/322/130
f 140/324/126 147/328/132 146/322/127
f 142/326/128 145/315/131 149/317/133
f 862/327/770 867/1116/775 147/328/132
f 882/329/785 884/1117/787 886/330/789
f 894/332/793 892/1118/792 890/333/791
f 897/335/786 891/1119/786 883/336/786
f 154/333/134 893/1118/788 885/338/788
f 152/340/136 155/1118/136 895/332/136
f 153/342/135 156/332/135 157/334/135
f 909/344/806 903/1120/800 936/345/832
f 914/347/811 923/377/820 919/348/816
f 915/350/812 918/1121/815 1286/351/1132
f 912/354/809 900/1122/797 904/355/801
f 937/357/833 936/1123/832 903/358/800
f 905/360/802 928/883/825 925/361/822
f 946/363/842 1288/1124/1134 158/364/137
f 898/366/795 929/1125/826 167/367/146
f 940/369/836 931/373/828 932/370/829
f 938/372/834 923/1126/820 931/373/828
f 170/346/149 943/376/839 941/374/837
f 946/363/842 159/365/138 908/362/805
f 919/348/816 923/377/820 913/354/810
f 923/377/820 938/1127/834 944/375/840
f 162/354/141 930/346/827 936/345/832
f 165/368/144 169/1123/148 472/357/422
f 949/381/845 947/382/843 785/19/722
f 948/382/844 630/1128/568 12/51/12
f 179/383/156 954/386/850 590/384/532
f 954/386/850 181/388/158 951/387/847
f 181/388/158 963/1129/857 966/389/860
f 589/390/531 591/395/533 232/12/208
f 184/385/161 609/392/551 180/391/157
f 183/390/160 950/1130/846 953/394/849
f 952/396/848 971/405/865 494/397/439
f 969/399/863 967/1131/861 962/400/856
f 637/57/574 485/1132/431 182/403/159
f 968/404/862 189/407/166 188/405/165
f 970/406/864 973/1133/867 972/407/866
f 916/408/813 190/412/167 974/409/868
f 160/408/139 921/931/818 977/411/871
f 933/370/830 980/1134/830 981/413/830
f 174/414/153 945/422/841 989/415/841
f 173/417/152 985/429/873 983/418/835
f 171/420/150 161/410/140 975/409/869
f 177/422/113 176/1135/113 984/423/113
f 171/420/150 978/421/872 979/424/147
f 174/414/153 986/416/874 987/426/875
f 173/417/152 172/1136/151 982/428/151
f 911/430/808 175/1137/154 988/431/876
f 166/433/145 163/430/142 993/432/880
f 464/435/415 166/1138/145 991/436/878
f 202/438/178 992/434/879 995/432/882
f 513/440/457 510/437/454 201/436/177
f 203/439/179 200/432/176 197/431/174
f 192/443/169 193/446/170 195/444/172
f 193/446/170 191/1139/168 198/447/175
f 222/448/198 1046/498/931 204/449/180
f 642/456/579 240/492/216 1041/457/927
f 232/12/208 1410/909/1239 1030/459/917
f 628/465/567 1013/484/900 1002/466/889
f 1005/468/892 243/507/219 604/469/546
f 1186/471/1070 1033/502/920 1018/472/905
f 1028/474/915 998/477/885 1001/466/888
f 208/473/184 229/1140/205 230/476/206
f 244/467/220 1003/466/890 999/477/886
f 1182/479/1066 1402/1141/1232 1048/480/933
f 1021/475/908 227/466/203 1012/484/899
f 1026/486/913 241/1142/217 231/450/207
f 1004/468/891 1023/501/910 1010/490/897
f 634/492/571 238/1143/214 1008/493/895
f 1185/464/1069 1044/463/929 1011/494/898
f 242/496/218 1000/503/887 205/471/181
f 206/497/182 1032/449/919 218/498/194
f 1047/500/932 234/923/210 233/456/209
f 1024/470/911 1027/1144/914 228/501/204
f 1033/502/920 1186/471/1070 224/503/200
f 1032/449/919 206/497/182 225/505/201
f 217/491/193 578/1145/520 607/507/549
f 1008/493/895 216/1146/192 213/506/189
f 338/67/314 336/69/312 1055/508/940
f 1049/510/934 649/1079/586 250/70/226
f 795/73/592 1187/1147/592 1056/512/592
f 1188/514/1071 1053/669/938 1052/509/937
f 294/516/270 295/627/271 1122/517/1006
f 1062/522/946 1060/1148/944 1135/523/1019
f 261/526/237 1066/529/950 1073/527/957
f 1065/529/949 1064/1149/948 1075/530/959
f 1122/517/1006 1089/548/973 1086/531/970
f 258/532/234 260/560/236 282/533/258
f 1133/535/1017 278/1150/254 1131/536/1015
f 1069/541/953 1070/554/954 1072/542/956
f 1038/544/925 210/1151/186 256/545/232
f 1120/547/1004 1141/599/1025 1090/548/974
f 1076/551/960 1077/1152/961 265/553/241
f 1071/554/955 1080/600/964 302/555/278
f 1127/556/1011 1109/580/993 1106/557/990
f 260/560/236 258/532/234 1125/561/1009
f 1161/563/1045 322/547/298 275/549/251
f 262/539/238 1058/538/942 1102/565/986
f 1061/573/945 1063/1153/947 1117/574/1001
f 1105/576/989 1103/1154/987 1128/577/1012
f 1102/565/986 1101/1155/985 1104/579/988
f 1109/580/993 1127/556/1011 1129/581/1013
f 257/578/233 278/1150/254 1133/535/1017
f 1113/583/997 1112/602/996 1085/584/969
f 1145/586/1029 1137/1156/1021 1139/587/1023
f 289/589/265 288/1157/264 286/590/262
f 1082/592/966 271/1158/247 1099/593/983
f 1117/574/1001 1124/594/1008 1099/593/983
f 1147/596/1031 1094/611/978 293/568/269
f 301/597/277 1161/563/1045 1119/564/1003
f 1142/599/1026 1084/1159/968 274/531/250
f 1080/600/964 296/618/272 1159/601/1043
f 302/555/278 1159/601/1043 1161/563/1045
f 277/602/253 319/583/295 1163/603/1047
f 1151/605/1035 1149/614/1033 1165/567/1049
f 290/608/266 266/1160/242 268/609/244
f 280/611/256 1148/596/1032 1136/612/1020
f 1150/614/1034 1152/605/1036 1140/615/1024
f 268/609/244 266/1160/242 270/617/246
f 1163/603/1047 1165/567/1049 1079/569/963
f 296/618/272 1118/623/1002 1153/619/1037
f 1159/601/1043 1155/624/1039 1157/620/1041
f 1067/621/951 1134/622/1018 301/597/277
f 300/542/276 302/555/278 301/597/277
f 279/623/255 263/522/239 1088/524/972
f 1156/624/1040 1146/586/1030 1144/588/1028
f 1096/625/980 298/626/274 299/622/275
f 298/626/274 297/543/273 1072/542/956
f 1075/530/959 1064/1149/948 295/627/271
f 316/628/292 320/632/296 321/629/297
f 1166/631/1050 1160/1161/1044 321/629/297
f 309/633/285 314/1162/290 312/634/288
f 306/636/282 309/633/285 307/635/283
f 308/638/284 310/641/286 305/639/281
f 310/641/286 308/638/284 1164/642/1048
f 1121/644/1005 313/1163/289 311/645/287
f 318/647/294 317/1164/293 1121/644/1005
f 1081/519/965 328/664/304 1170/650/1054
f 324/649/300 1171/665/1055 1181/651/1065
f 326/652/302 329/657/305 325/607/301
f 1172/653/1056 327/662/303 1168/654/1052
f 326/652/302 1180/659/1064 1178/656/1062
f 1173/658/1057 1177/656/1061 1179/659/1063
f 1172/653/1056 332/1165/308 1174/661/1058
f 1176/663/1060 333/1166/309 1170/650/1054
f 1171/665/1055 330/658/306 331/660/307
f 292/666/268 1092/655/976 1168/654/1052
f 1057/533/941 1059/570/943 220/572/196
f 1106/557/990 1182/479/1066 1183/481/1067
f 1115/537/999 1131/536/1015 219/488/195
f 334/546/310 256/545/232 1058/538/942
f 247/668/223 1051/511/936 250/70/226
f 1054/669/939 339/236/315 338/67/314
f 253/669/229 255/1167/231 337/237/313
f 1191/670/1072 1189/674/1072 1195/671/1072
f 1197/673/1073 1199/676/1073 1196/671/1073
f 1198/673/1075 1201/1168/1075 1203/675/1075
f 1192/677/1074 1194/1169/1074 1204/678/1074
f 340/680/113 344/1170/113 346/673/113
f 347/676/114 345/1171/114 341/681/114
f 1207/683/1076 1205/687/1076 1211/684/1076
f 1213/686/1077 1215/689/1077 1212/684/1077
f 1217/688/1079 1219/1172/1079 1216/689/1079
f 1208/690/1078 1210/1173/1078 1220/691/1078
f 348/693/113 352/1174/113 354/686/113
f 355/689/114 353/1175/114 349/694/114
f 245/695/221 249/702/225 356/696/316
f 251/268/227 837/270/746 1224/698/1083
f 1223/699/1082 1225/705/1082 1221/700/1080
f 249/702/225 245/695/221 1222/701/1081
f 360/703/320 361/706/321 249/702/225
f 1227/704/1085 360/703/320 246/700/222
f 1230/707/1088 1229/1176/1087 361/706/321
f 1231/708/1089 1230/707/1088 360/703/320
f 361/706/321 1229/1176/1087 1228/709/1086
f 369/283/329 368/285/328 365/711/325
f 372/286/332 373/288/333 363/713/323
f 376/289/336 375/291/335 356/715/316
f 376/289/336 362/716/322 1228/717/1086
f 248/718/224 356/715/316 375/291/335
f 1232/719/1090 363/713/323 373/288/333
f 358/721/318 359/1110/319 372/286/332
f 368/285/328 371/1111/331 366/722/326
f 367/723/327 845/1112/754 369/283/329
f 1237/724/1094 863/1177/771 380/725/340
f 1235/727/1093 1233/726/1091 1245/728/1099
f 1241/730/1097 381/1178/341 868/731/776
f 1238/733/1095 1247/1179/1101 1249/734/1102
f 1246/735/1100 1250/745/1100 1248/736/1100
f 857/738/766 865/1180/773 1242/739/1098
f 384/741/344 389/1181/344 1239/742/344
f 386/742/338 387/746/346 377/744/337
f 382/740/342 383/739/343 390/745/348
f 387/746/346 388/1182/347 379/747/339
f 1255/748/1107 1253/1183/1105 1251/749/1103
f 1259/751/1109 1261/759/1110 1263/752/1111
f 1252/754/1104 1260/751/1104 1266/753/1104
f 1254/756/1106 1262/759/1106 395/751/349
f 393/758/351 1256/1184/351 1264/752/351
f 394/760/350 392/1185/350 398/753/350
f 1385/761/1218 1270/1186/1116 1276/762/1122
f 1281/764/1127 1284/1187/1130 1289/765/1135
f 1287/351/1133 1285/1188/1131 1282/767/1128
f 1330/768/1168 1322/1189/1160 1312/769/1150
f 1297/774/1141 1313/804/1151 1323/775/1161
f 1319/783/1157 1304/1190/1144 1306/784/1146
f 1326/789/1164 1324/1191/1162 1327/790/1165
f 1321/795/1159 420/797/372 1294/780/1140
f 1303/798/113 1298/1192/113 1296/799/113
f 1305/801/1145 1332/1193/1170 1333/802/1171
f 1301/788/1143 416/792/368 1331/794/1169
f 1369/806/1204 422/771/374 1335/773/1172
f 406/809/359 407/1194/360 405/770/358
f 1296/799/113 1340/860/113 1342/811/113
f 417/776/369 1343/859/1178 1339/812/1176
f 427/813/378 428/858/379 1326/789/1164
f 1341/814/1177 1344/857/1179 416/792/368
f 1360/817/1195 1364/847/1199 1365/818/1200
f 1292/821/1138 1345/831/1180 1346/822/1181
f 1347/825/1182 430/831/381 409/821/362
f 431/828/382 434/840/385 1351/829/1186
f 435/829/386 432/844/383 429/833/380
f 1350/834/1185 433/838/384 440/835/391
f 1350/834/1185 1352/1195/1187 437/837/388
f 438/839/389 1356/843/1191 1351/829/1186
f 1353/838/1188 1354/837/1189 1355/841/1190
f 439/843/390 436/1196/387 432/844/383
f 1349/835/1184 1353/838/1188 1348/842/1183
f 1359/817/1194 1357/1197/1192 1361/846/1196
f 447/848/398 1358/1198/1193 442/849/393
f 1362/851/1197 441/1199/392 1367/852/1202
f 444/854/395 443/1200/394 1368/855/1203
f 445/856/396 1368/855/1203 1344/857/1179
f 448/853/399 1367/852/1202 428/858/379
f 1343/859/1178 447/848/398 1366/850/1201
f 446/819/397 1365/818/1200 425/811/377
f 1371/861/1206 1373/865/1208 419/862/371
f 412/864/365 419/862/371 1373/865/1208
f 1377/867/1212 1371/861/1206 418/863/370
f 413/868/366 412/864/365 1375/866/1210
f 1372/869/1207 1369/806/1204 455/807/406
f 452/871/403 1332/1193/1170 1305/801/1145
f 1378/873/1213 1320/795/1158 456/796/407
f 449/875/400 453/1190/404 454/783/405
f 1271/877/1117 1268/1201/1114 1279/878/1125
f 937/357/833 902/359/799 1270/880/1116
f 1272/882/1118 1274/895/1120 927/361/824
f 399/884/352 457/1124/408 467/363/418
f 463/886/414 929/1125/826 898/366/795
f 1388/888/1220 1383/933/1217 1381/889/1216
f 1386/891/1219 1388/888/1220 1380/890/1215
f 471/763/421 1277/762/1123 1389/892/1221
f 467/363/418 468/361/419 1275/895/1121
f 1289/765/1135 460/879/411 1280/878/1126
f 1392/894/1224 1386/891/1219 1290/766/1136
f 458/878/409 1269/1201/1115 1385/761/1218
f 472/357/422 470/881/420 461/887/412
f 1396/898/1227 1034/461/921 1184/464/1068
f 1395/899/1226 221/464/197 215/495/191
f 482/901/428 488/910/434 1020/902/907
f 1400/903/1231 1020/902/907 1398/904/1229
f 484/905/430 1398/904/1229 1411/906/1240
f 232/12/208 591/395/533 1019/908/906
f 488/910/434 482/901/428 483/911/429
f 487/908/433 236/395/212 953/394/849
f 494/915/439 1414/924/1243 1399/916/1230
f 969/918/863 964/1202/858 1408/919/1237
f 486/922/432 485/1203/431 637/923/574
f 493/924/438 496/926/441 1413/925/1242
f 1415/926/1244 495/1204/440 492/927/437
f 1416/928/1245 498/1205/443 1283/929/1129
f 402/929/355 1418/1205/1247 497/411/442
f 1422/932/830 1421/1206/830 1382/889/830
f 476/934/424 1427/1207/874 1430/935/841
f 1424/937/835 1426/1208/873 475/938/152
f 473/940/423 1419/1209/872 1417/928/1246
f 479/936/113 507/935/113 1425/941/113
f 1420/943/147 1419/1209/872 473/940/423
f 1428/945/1248 1427/1207/874 476/934/424
f 475/938/152 1426/1208/873 1423/947/151
f 1278/949/1124 1434/953/1253 1429/950/1249
f 462/952/413 1431/1210/1250 1433/953/1252
f 464/435/415 990/437/877 1431/954/1250
f 1435/953/1254 1432/1210/1251 511/956/455
f 513/440/457 1436/1211/1255 509/954/453
f 505/950/450 508/953/452 512/957/456
f 500/959/445 502/1212/447 503/960/448
f 506/962/451 499/1213/444 501/961/446
f 1458/963/1269 1468/1214/1279 1476/964/1287
f 1469/969/1280 1459/999/1270 1443/970/1260
f 1465/978/1276 1460/992/1271 1452/979/1265
f 1472/984/1283 1475/1011/1286 1473/985/1284
f 1467/990/1278 1516/1070/1324 1440/975/1259
f 1442/993/113 1444/1215/113 1449/994/113
f 1451/996/1264 1453/1002/1266 1479/997/1290
f 1477/988/1288 526/987/469 1447/982/1262
f 1515/1001/1323 565/1066/507 1481/967/1291
f 515/965/459 517/1216/461 516/1004/460
f 1442/993/113 524/995/113 1488/1006/113
f 527/971/470 1443/970/1260 1485/1008/1295
f 1472/984/1283 538/1055/480 537/1010/479
f 526/987/469 1490/1054/1298 1487/1012/1296
f 1511/1015/1319 1510/1217/1318 1506/1016/1314
f 1438/1019/1257 1483/1218/1293 1492/1020/1300
f 519/1019/463 540/1021/482 1493/1023/1301
f 541/1026/483 534/1031/477 1497/1027/1305
f 539/1030/481 542/1040/484 545/1027/487
f 550/1032/492 543/1038/485 1496/1033/1304
f 1496/1033/1304 543/1038/485 547/1035/489
f 1497/1027/1305 1502/1041/1310 548/1037/490
f 1499/1038/1307 1494/1042/1302 1501/1039/1309
f 542/1040/484 546/1219/488 549/1041/491
f 1495/1032/1303 1492/1220/1300 1494/1042/1302
f 1505/1016/1313 1509/1217/1317 1507/1043/1315
f 557/1045/499 1512/1056/1320 552/1046/494
f 1513/1048/1321 551/1221/493 1508/1049/1316
f 1514/1051/1322 553/1222/495 554/1052/496
f 1490/1054/1298 1514/1051/1322 555/1053/497
f 538/1055/480 1513/1048/1321 558/1050/500
f 1489/1009/1297 1485/1008/1295 1512/1056/1320
f 535/1006/478 1511/1015/1319 556/1017/498
f 529/1057/472 1519/1061/1327 1517/1058/1325
f 522/1060/466 1521/1064/1329 1519/1061/1327
f 528/1059/471 1517/1058/1325 1523/1062/1331
f 523/1063/467 1523/1062/1331 1521/1064/1329
f 1518/1065/1326 1520/1223/1328 565/1066/507
f 1451/996/1264 1478/998/1289 562/1067/504
f 1524/1069/1332 561/1224/503 566/1070/508
f 564/978/506 563/980/505 559/1071/501
